species_code,Вид,stage_code,Стадия,physiological_state,MER_reference,nutrient_code,category_code,Категория,Нутриент RU,Nutrient EN,Ед./1000 ккал ME,min_value,min_value_upper,source_value_text,is_established,footnote,source_table,source_page,source_url,Примечание
dog,Собака,dog_adult_mer95,Взрослая собака — MER 95,adult,95 kcal/kg BW^0.75,protein,macronutrient,Основные питательные вещества,Белок,Protein,g,52.1,,,True,,III-3b,16,https://europeanpetfood.org/wp-content/uploads/2025/09/FEDIAF-Nutritional-Guidelines_2025-ONLINE.pdf,
dog,Собака,dog_adult_mer110,Взрослая собака — MER 110,adult,110 kcal/kg BW^0.75,protein,macronutrient,Основные питательные вещества,Белок,Protein,g,45.0,,,True,,III-3b,16,https://europeanpetfood.org/wp-content/uploads/2025/09/FEDIAF-Nutritional-Guidelines_2025-ONLINE.pdf,
dog,Собака,dog_early_growth_reproduction,Ранний рост <14 нед. / репродукция,growth_reproduction,,protein,macronutrient,Основные питательные вещества,Белок,Protein,g,62.5,,,True,,III-3b,16,https://europeanpetfood.org/wp-content/uploads/2025/09/FEDIAF-Nutritional-Guidelines_2025-ONLINE.pdf,FEDIAF объединяет ранний рост и репродукцию в одной колонке.
dog,Собака,dog_late_growth,Поздний рост ≥14 нед.,growth,,protein,macronutrient,Основные питательные вещества,Белок,Protein,g,50.0,,,True,,III-3b,16,https://europeanpetfood.org/wp-content/uploads/2025/09/FEDIAF-Nutritional-Guidelines_2025-ONLINE.pdf,
dog,Собака,dog_adult_mer95,Взрослая собака — MER 95,adult,95 kcal/kg BW^0.75,arginine,amino_acid,Аминокислоты,Аргинин,Arginine,g,1.51,,,True,,III-3b,16,https://europeanpetfood.org/wp-content/uploads/2025/09/FEDIAF-Nutritional-Guidelines_2025-ONLINE.pdf,
dog,Собака,dog_adult_mer110,Взрослая собака — MER 110,adult,110 kcal/kg BW^0.75,arginine,amino_acid,Аминокислоты,Аргинин,Arginine,g,1.3,,,True,,III-3b,16,https://europeanpetfood.org/wp-content/uploads/2025/09/FEDIAF-Nutritional-Guidelines_2025-ONLINE.pdf,
dog,Собака,dog_early_growth_reproduction,Ранний рост <14 нед. / репродукция,growth_reproduction,,arginine,amino_acid,Аминокислоты,Аргинин,Arginine,g,2.04,,,True,,III-3b,16,https://europeanpetfood.org/wp-content/uploads/2025/09/FEDIAF-Nutritional-Guidelines_2025-ONLINE.pdf,FEDIAF объединяет ранний рост и репродукцию в одной колонке.
dog,Собака,dog_late_growth,Поздний рост ≥14 нед.,growth,,arginine,amino_acid,Аминокислоты,Аргинин,Arginine,g,1.84,,,True,,III-3b,16,https://europeanpetfood.org/wp-content/uploads/2025/09/FEDIAF-Nutritional-Guidelines_2025-ONLINE.pdf,
dog,Собака,dog_adult_mer95,Взрослая собака — MER 95,adult,95 kcal/kg BW^0.75,histidine,amino_acid,Аминокислоты,Гистидин,Histidine,g,0.67,,,True,,III-3b,16,https://europeanpetfood.org/wp-content/uploads/2025/09/FEDIAF-Nutritional-Guidelines_2025-ONLINE.pdf,
dog,Собака,dog_adult_mer110,Взрослая собака — MER 110,adult,110 kcal/kg BW^0.75,histidine,amino_acid,Аминокислоты,Гистидин,Histidine,g,0.58,,,True,,III-3b,16,https://europeanpetfood.org/wp-content/uploads/2025/09/FEDIAF-Nutritional-Guidelines_2025-ONLINE.pdf,
dog,Собака,dog_early_growth_reproduction,Ранний рост <14 нед. / репродукция,growth_reproduction,,histidine,amino_acid,Аминокислоты,Гистидин,Histidine,g,0.98,,,True,,III-3b,16,https://europeanpetfood.org/wp-content/uploads/2025/09/FEDIAF-Nutritional-Guidelines_2025-ONLINE.pdf,FEDIAF объединяет ранний рост и репродукцию в одной колонке.
dog,Собака,dog_late_growth,Поздний рост ≥14 нед.,growth,,histidine,amino_acid,Аминокислоты,Гистидин,Histidine,g,0.63,,,True,,III-3b,16,https://europeanpetfood.org/wp-content/uploads/2025/09/FEDIAF-Nutritional-Guidelines_2025-ONLINE.pdf,
dog,Собака,dog_adult_mer95,Взрослая собака — MER 95,adult,95 kcal/kg BW^0.75,isoleucine,amino_acid,Аминокислоты,Изолейцин,Isoleucine,g,1.33,,,True,,III-3b,16,https://europeanpetfood.org/wp-content/uploads/2025/09/FEDIAF-Nutritional-Guidelines_2025-ONLINE.pdf,
dog,Собака,dog_adult_mer110,Взрослая собака — MER 110,adult,110 kcal/kg BW^0.75,isoleucine,amino_acid,Аминокислоты,Изолейцин,Isoleucine,g,1.15,,,True,,III-3b,16,https://europeanpetfood.org/wp-content/uploads/2025/09/FEDIAF-Nutritional-Guidelines_2025-ONLINE.pdf,
dog,Собака,dog_early_growth_reproduction,Ранний рост <14 нед. / репродукция,growth_reproduction,,isoleucine,amino_acid,Аминокислоты,Изолейцин,Isoleucine,g,1.63,,,True,,III-3b,16,https://europeanpetfood.org/wp-content/uploads/2025/09/FEDIAF-Nutritional-Guidelines_2025-ONLINE.pdf,FEDIAF объединяет ранний рост и репродукцию в одной колонке.
dog,Собака,dog_late_growth,Поздний рост ≥14 нед.,growth,,isoleucine,amino_acid,Аминокислоты,Изолейцин,Isoleucine,g,1.25,,,True,,III-3b,16,https://europeanpetfood.org/wp-content/uploads/2025/09/FEDIAF-Nutritional-Guidelines_2025-ONLINE.pdf,
dog,Собака,dog_adult_mer95,Взрослая собака — MER 95,adult,95 kcal/kg BW^0.75,leucine,amino_acid,Аминокислоты,Лейцин,Leucine,g,2.37,,,True,,III-3b,16,https://europeanpetfood.org/wp-content/uploads/2025/09/FEDIAF-Nutritional-Guidelines_2025-ONLINE.pdf,
dog,Собака,dog_adult_mer110,Взрослая собака — MER 110,adult,110 kcal/kg BW^0.75,leucine,amino_acid,Аминокислоты,Лейцин,Leucine,g,2.05,,,True,,III-3b,16,https://europeanpetfood.org/wp-content/uploads/2025/09/FEDIAF-Nutritional-Guidelines_2025-ONLINE.pdf,
dog,Собака,dog_early_growth_reproduction,Ранний рост <14 нед. / репродукция,growth_reproduction,,leucine,amino_acid,Аминокислоты,Лейцин,Leucine,g,3.23,,,True,,III-3b,16,https://europeanpetfood.org/wp-content/uploads/2025/09/FEDIAF-Nutritional-Guidelines_2025-ONLINE.pdf,FEDIAF объединяет ранний рост и репродукцию в одной колонке.
dog,Собака,dog_late_growth,Поздний рост ≥14 нед.,growth,,leucine,amino_acid,Аминокислоты,Лейцин,Leucine,g,2.0,,,True,,III-3b,16,https://europeanpetfood.org/wp-content/uploads/2025/09/FEDIAF-Nutritional-Guidelines_2025-ONLINE.pdf,
dog,Собака,dog_adult_mer95,Взрослая собака — MER 95,adult,95 kcal/kg BW^0.75,lysine,amino_acid,Аминокислоты,Лизин,Lysine,g,1.22,,,True,,III-3b,16,https://europeanpetfood.org/wp-content/uploads/2025/09/FEDIAF-Nutritional-Guidelines_2025-ONLINE.pdf,
dog,Собака,dog_adult_mer110,Взрослая собака — MER 110,adult,110 kcal/kg BW^0.75,lysine,amino_acid,Аминокислоты,Лизин,Lysine,g,1.05,,,True,,III-3b,16,https://europeanpetfood.org/wp-content/uploads/2025/09/FEDIAF-Nutritional-Guidelines_2025-ONLINE.pdf,
dog,Собака,dog_early_growth_reproduction,Ранний рост <14 нед. / репродукция,growth_reproduction,,lysine,amino_acid,Аминокислоты,Лизин,Lysine,g,2.2,,,True,,III-3b,16,https://europeanpetfood.org/wp-content/uploads/2025/09/FEDIAF-Nutritional-Guidelines_2025-ONLINE.pdf,FEDIAF объединяет ранний рост и репродукцию в одной колонке.
dog,Собака,dog_late_growth,Поздний рост ≥14 нед.,growth,,lysine,amino_acid,Аминокислоты,Лизин,Lysine,g,1.75,,,True,,III-3b,16,https://europeanpetfood.org/wp-content/uploads/2025/09/FEDIAF-Nutritional-Guidelines_2025-ONLINE.pdf,
dog,Собака,dog_adult_mer95,Взрослая собака — MER 95,adult,95 kcal/kg BW^0.75,methionine,amino_acid,Аминокислоты,Метионин,Methionine,g,1.16,,,True,,III-3b,16,https://europeanpetfood.org/wp-content/uploads/2025/09/FEDIAF-Nutritional-Guidelines_2025-ONLINE.pdf,
dog,Собака,dog_adult_mer110,Взрослая собака — MER 110,adult,110 kcal/kg BW^0.75,methionine,amino_acid,Аминокислоты,Метионин,Methionine,g,1.0,,,True,,III-3b,16,https://europeanpetfood.org/wp-content/uploads/2025/09/FEDIAF-Nutritional-Guidelines_2025-ONLINE.pdf,
dog,Собака,dog_early_growth_reproduction,Ранний рост <14 нед. / репродукция,growth_reproduction,,methionine,amino_acid,Аминокислоты,Метионин,Methionine,g,0.88,,,True,,III-3b,16,https://europeanpetfood.org/wp-content/uploads/2025/09/FEDIAF-Nutritional-Guidelines_2025-ONLINE.pdf,FEDIAF объединяет ранний рост и репродукцию в одной колонке.
dog,Собака,dog_late_growth,Поздний рост ≥14 нед.,growth,,methionine,amino_acid,Аминокислоты,Метионин,Methionine,g,0.65,,,True,,III-3b,16,https://europeanpetfood.org/wp-content/uploads/2025/09/FEDIAF-Nutritional-Guidelines_2025-ONLINE.pdf,
dog,Собака,dog_adult_mer95,Взрослая собака — MER 95,adult,95 kcal/kg BW^0.75,methionine_cystine,amino_acid,Аминокислоты,Метионин + цистин,Methionine + cystine,g,2.21,,,True,,III-3b,16,https://europeanpetfood.org/wp-content/uploads/2025/09/FEDIAF-Nutritional-Guidelines_2025-ONLINE.pdf,
dog,Собака,dog_adult_mer110,Взрослая собака — MER 110,adult,110 kcal/kg BW^0.75,methionine_cystine,amino_acid,Аминокислоты,Метионин + цистин,Methionine + cystine,g,1.91,,,True,,III-3b,16,https://europeanpetfood.org/wp-content/uploads/2025/09/FEDIAF-Nutritional-Guidelines_2025-ONLINE.pdf,
dog,Собака,dog_early_growth_reproduction,Ранний рост <14 нед. / репродукция,growth_reproduction,,methionine_cystine,amino_acid,Аминокислоты,Метионин + цистин,Methionine + cystine,g,1.75,,,True,,III-3b,16,https://europeanpetfood.org/wp-content/uploads/2025/09/FEDIAF-Nutritional-Guidelines_2025-ONLINE.pdf,FEDIAF объединяет ранний рост и репродукцию в одной колонке.
dog,Собака,dog_late_growth,Поздний рост ≥14 нед.,growth,,methionine_cystine,amino_acid,Аминокислоты,Метионин + цистин,Methionine + cystine,g,1.33,,,True,,III-3b,16,https://europeanpetfood.org/wp-content/uploads/2025/09/FEDIAF-Nutritional-Guidelines_2025-ONLINE.pdf,
dog,Собака,dog_adult_mer95,Взрослая собака — MER 95,adult,95 kcal/kg BW^0.75,phenylalanine,amino_acid,Аминокислоты,Фенилаланин,Phenylalanine,g,1.56,,,True,,III-3b,16,https://europeanpetfood.org/wp-content/uploads/2025/09/FEDIAF-Nutritional-Guidelines_2025-ONLINE.pdf,
dog,Собака,dog_adult_mer110,Взрослая собака — MER 110,adult,110 kcal/kg BW^0.75,phenylalanine,amino_acid,Аминокислоты,Фенилаланин,Phenylalanine,g,1.35,,,True,,III-3b,16,https://europeanpetfood.org/wp-content/uploads/2025/09/FEDIAF-Nutritional-Guidelines_2025-ONLINE.pdf,
dog,Собака,dog_early_growth_reproduction,Ранний рост <14 нед. / репродукция,growth_reproduction,,phenylalanine,amino_acid,Аминокислоты,Фенилаланин,Phenylalanine,g,1.63,,,True,,III-3b,16,https://europeanpetfood.org/wp-content/uploads/2025/09/FEDIAF-Nutritional-Guidelines_2025-ONLINE.pdf,FEDIAF объединяет ранний рост и репродукцию в одной колонке.
dog,Собака,dog_late_growth,Поздний рост ≥14 нед.,growth,,phenylalanine,amino_acid,Аминокислоты,Фенилаланин,Phenylalanine,g,1.25,,,True,,III-3b,16,https://europeanpetfood.org/wp-content/uploads/2025/09/FEDIAF-Nutritional-Guidelines_2025-ONLINE.pdf,
dog,Собака,dog_adult_mer95,Взрослая собака — MER 95,adult,95 kcal/kg BW^0.75,phenylalanine_tyrosine,amino_acid,Аминокислоты,Фенилаланин + тирозин,Phenylalanine + tyrosine,g,2.58,,,True,,III-3b,16,https://europeanpetfood.org/wp-content/uploads/2025/09/FEDIAF-Nutritional-Guidelines_2025-ONLINE.pdf,
dog,Собака,dog_adult_mer110,Взрослая собака — MER 110,adult,110 kcal/kg BW^0.75,phenylalanine_tyrosine,amino_acid,Аминокислоты,Фенилаланин + тирозин,Phenylalanine + tyrosine,g,2.23,,,True,,III-3b,16,https://europeanpetfood.org/wp-content/uploads/2025/09/FEDIAF-Nutritional-Guidelines_2025-ONLINE.pdf,
dog,Собака,dog_early_growth_reproduction,Ранний рост <14 нед. / репродукция,growth_reproduction,,phenylalanine_tyrosine,amino_acid,Аминокислоты,Фенилаланин + тирозин,Phenylalanine + tyrosine,g,3.25,,,True,,III-3b,16,https://europeanpetfood.org/wp-content/uploads/2025/09/FEDIAF-Nutritional-Guidelines_2025-ONLINE.pdf,FEDIAF объединяет ранний рост и репродукцию в одной колонке.
dog,Собака,dog_late_growth,Поздний рост ≥14 нед.,growth,,phenylalanine_tyrosine,amino_acid,Аминокислоты,Фенилаланин + тирозин,Phenylalanine + tyrosine,g,2.5,,,True,,III-3b,16,https://europeanpetfood.org/wp-content/uploads/2025/09/FEDIAF-Nutritional-Guidelines_2025-ONLINE.pdf,
dog,Собака,dog_adult_mer95,Взрослая собака — MER 95,adult,95 kcal/kg BW^0.75,threonine,amino_acid,Аминокислоты,Треонин,Threonine,g,1.51,,,True,,III-3b,16,https://europeanpetfood.org/wp-content/uploads/2025/09/FEDIAF-Nutritional-Guidelines_2025-ONLINE.pdf,
dog,Собака,dog_adult_mer110,Взрослая собака — MER 110,adult,110 kcal/kg BW^0.75,threonine,amino_acid,Аминокислоты,Треонин,Threonine,g,1.3,,,True,,III-3b,16,https://europeanpetfood.org/wp-content/uploads/2025/09/FEDIAF-Nutritional-Guidelines_2025-ONLINE.pdf,
dog,Собака,dog_early_growth_reproduction,Ранний рост <14 нед. / репродукция,growth_reproduction,,threonine,amino_acid,Аминокислоты,Треонин,Threonine,g,2.03,,,True,,III-3b,16,https://europeanpetfood.org/wp-content/uploads/2025/09/FEDIAF-Nutritional-Guidelines_2025-ONLINE.pdf,FEDIAF объединяет ранний рост и репродукцию в одной колонке.
dog,Собака,dog_late_growth,Поздний рост ≥14 нед.,growth,,threonine,amino_acid,Аминокислоты,Треонин,Threonine,g,1.6,,,True,,III-3b,16,https://europeanpetfood.org/wp-content/uploads/2025/09/FEDIAF-Nutritional-Guidelines_2025-ONLINE.pdf,
dog,Собака,dog_adult_mer95,Взрослая собака — MER 95,adult,95 kcal/kg BW^0.75,tryptophan,amino_acid,Аминокислоты,Триптофан,Tryptophan,g,0.49,,,True,,III-3b,16,https://europeanpetfood.org/wp-content/uploads/2025/09/FEDIAF-Nutritional-Guidelines_2025-ONLINE.pdf,
dog,Собака,dog_adult_mer110,Взрослая собака — MER 110,adult,110 kcal/kg BW^0.75,tryptophan,amino_acid,Аминокислоты,Триптофан,Tryptophan,g,0.43,,,True,,III-3b,16,https://europeanpetfood.org/wp-content/uploads/2025/09/FEDIAF-Nutritional-Guidelines_2025-ONLINE.pdf,
dog,Собака,dog_early_growth_reproduction,Ранний рост <14 нед. / репродукция,growth_reproduction,,tryptophan,amino_acid,Аминокислоты,Триптофан,Tryptophan,g,0.58,,,True,,III-3b,16,https://europeanpetfood.org/wp-content/uploads/2025/09/FEDIAF-Nutritional-Guidelines_2025-ONLINE.pdf,FEDIAF объединяет ранний рост и репродукцию в одной колонке.
dog,Собака,dog_late_growth,Поздний рост ≥14 нед.,growth,,tryptophan,amino_acid,Аминокислоты,Триптофан,Tryptophan,g,0.53,,,True,,III-3b,16,https://europeanpetfood.org/wp-content/uploads/2025/09/FEDIAF-Nutritional-Guidelines_2025-ONLINE.pdf,
dog,Собака,dog_adult_mer95,Взрослая собака — MER 95,adult,95 kcal/kg BW^0.75,valine,amino_acid,Аминокислоты,Валин,Valine,g,1.71,,,True,,III-3b,16,https://europeanpetfood.org/wp-content/uploads/2025/09/FEDIAF-Nutritional-Guidelines_2025-ONLINE.pdf,
dog,Собака,dog_adult_mer110,Взрослая собака — MER 110,adult,110 kcal/kg BW^0.75,valine,amino_acid,Аминокислоты,Валин,Valine,g,1.48,,,True,,III-3b,16,https://europeanpetfood.org/wp-content/uploads/2025/09/FEDIAF-Nutritional-Guidelines_2025-ONLINE.pdf,
dog,Собака,dog_early_growth_reproduction,Ранний рост <14 нед. / репродукция,growth_reproduction,,valine,amino_acid,Аминокислоты,Валин,Valine,g,1.7,,,True,,III-3b,16,https://europeanpetfood.org/wp-content/uploads/2025/09/FEDIAF-Nutritional-Guidelines_2025-ONLINE.pdf,FEDIAF объединяет ранний рост и репродукцию в одной колонке.
dog,Собака,dog_late_growth,Поздний рост ≥14 нед.,growth,,valine,amino_acid,Аминокислоты,Валин,Valine,g,1.4,,,True,,III-3b,16,https://europeanpetfood.org/wp-content/uploads/2025/09/FEDIAF-Nutritional-Guidelines_2025-ONLINE.pdf,
dog,Собака,dog_adult_mer95,Взрослая собака — MER 95,adult,95 kcal/kg BW^0.75,fat,macronutrient,Основные питательные вещества,Жир,Fat,g,13.75,,,True,,III-3b,16,https://europeanpetfood.org/wp-content/uploads/2025/09/FEDIAF-Nutritional-Guidelines_2025-ONLINE.pdf,
dog,Собака,dog_adult_mer110,Взрослая собака — MER 110,adult,110 kcal/kg BW^0.75,fat,macronutrient,Основные питательные вещества,Жир,Fat,g,13.75,,,True,,III-3b,16,https://europeanpetfood.org/wp-content/uploads/2025/09/FEDIAF-Nutritional-Guidelines_2025-ONLINE.pdf,
dog,Собака,dog_early_growth_reproduction,Ранний рост <14 нед. / репродукция,growth_reproduction,,fat,macronutrient,Основные питательные вещества,Жир,Fat,g,21.25,,,True,,III-3b,16,https://europeanpetfood.org/wp-content/uploads/2025/09/FEDIAF-Nutritional-Guidelines_2025-ONLINE.pdf,FEDIAF объединяет ранний рост и репродукцию в одной колонке.
dog,Собака,dog_late_growth,Поздний рост ≥14 нед.,growth,,fat,macronutrient,Основные питательные вещества,Жир,Fat,g,21.25,,,True,,III-3b,16,https://europeanpetfood.org/wp-content/uploads/2025/09/FEDIAF-Nutritional-Guidelines_2025-ONLINE.pdf,
dog,Собака,dog_adult_mer95,Взрослая собака — MER 95,adult,95 kcal/kg BW^0.75,linoleic_acid,fatty_acid,Жирные кислоты,Линолевая кислота (ω-6),Linoleic acid (ω-6),g,3.82,,,True,,III-3b,16,https://europeanpetfood.org/wp-content/uploads/2025/09/FEDIAF-Nutritional-Guidelines_2025-ONLINE.pdf,
dog,Собака,dog_adult_mer110,Взрослая собака — MER 110,adult,110 kcal/kg BW^0.75,linoleic_acid,fatty_acid,Жирные кислоты,Линолевая кислота (ω-6),Linoleic acid (ω-6),g,3.27,,,True,,III-3b,16,https://europeanpetfood.org/wp-content/uploads/2025/09/FEDIAF-Nutritional-Guidelines_2025-ONLINE.pdf,
dog,Собака,dog_early_growth_reproduction,Ранний рост <14 нед. / репродукция,growth_reproduction,,linoleic_acid,fatty_acid,Жирные кислоты,Линолевая кислота (ω-6),Linoleic acid (ω-6),g,3.25,,,True,,III-3b,16,https://europeanpetfood.org/wp-content/uploads/2025/09/FEDIAF-Nutritional-Guidelines_2025-ONLINE.pdf,FEDIAF объединяет ранний рост и репродукцию в одной колонке.
dog,Собака,dog_late_growth,Поздний рост ≥14 нед.,growth,,linoleic_acid,fatty_acid,Жирные кислоты,Линолевая кислота (ω-6),Linoleic acid (ω-6),g,3.25,,,True,,III-3b,16,https://europeanpetfood.org/wp-content/uploads/2025/09/FEDIAF-Nutritional-Guidelines_2025-ONLINE.pdf,
dog,Собака,dog_adult_mer95,Взрослая собака — MER 95,adult,95 kcal/kg BW^0.75,arachidonic_acid,fatty_acid,Жирные кислоты,Арахидоновая кислота (ω-6),Arachidonic acid (ω-6),mg,,,,False,,III-3b,16,https://europeanpetfood.org/wp-content/uploads/2025/09/FEDIAF-Nutritional-Guidelines_2025-ONLINE.pdf,
dog,Собака,dog_adult_mer110,Взрослая собака — MER 110,adult,110 kcal/kg BW^0.75,arachidonic_acid,fatty_acid,Жирные кислоты,Арахидоновая кислота (ω-6),Arachidonic acid (ω-6),mg,,,,False,,III-3b,16,https://europeanpetfood.org/wp-content/uploads/2025/09/FEDIAF-Nutritional-Guidelines_2025-ONLINE.pdf,
dog,Собака,dog_early_growth_reproduction,Ранний рост <14 нед. / репродукция,growth_reproduction,,arachidonic_acid,fatty_acid,Жирные кислоты,Арахидоновая кислота (ω-6),Arachidonic acid (ω-6),mg,75.0,,,True,,III-3b,16,https://europeanpetfood.org/wp-content/uploads/2025/09/FEDIAF-Nutritional-Guidelines_2025-ONLINE.pdf,FEDIAF объединяет ранний рост и репродукцию в одной колонке.
dog,Собака,dog_late_growth,Поздний рост ≥14 нед.,growth,,arachidonic_acid,fatty_acid,Жирные кислоты,Арахидоновая кислота (ω-6),Arachidonic acid (ω-6),mg,75.0,,,True,,III-3b,16,https://europeanpetfood.org/wp-content/uploads/2025/09/FEDIAF-Nutritional-Guidelines_2025-ONLINE.pdf,
dog,Собака,dog_adult_mer95,Взрослая собака — MER 95,adult,95 kcal/kg BW^0.75,alpha_linolenic_acid,fatty_acid,Жирные кислоты,Альфа-линоленовая кислота (ω-3),Alpha-linolenic acid (ω-3),g,,,,False,,III-3b,16,https://europeanpetfood.org/wp-content/uploads/2025/09/FEDIAF-Nutritional-Guidelines_2025-ONLINE.pdf,
dog,Собака,dog_adult_mer110,Взрослая собака — MER 110,adult,110 kcal/kg BW^0.75,alpha_linolenic_acid,fatty_acid,Жирные кислоты,Альфа-линоленовая кислота (ω-3),Alpha-linolenic acid (ω-3),g,,,,False,,III-3b,16,https://europeanpetfood.org/wp-content/uploads/2025/09/FEDIAF-Nutritional-Guidelines_2025-ONLINE.pdf,
dog,Собака,dog_early_growth_reproduction,Ранний рост <14 нед. / репродукция,growth_reproduction,,alpha_linolenic_acid,fatty_acid,Жирные кислоты,Альфа-линоленовая кислота (ω-3),Alpha-linolenic acid (ω-3),g,0.2,,,True,,III-3b,16,https://europeanpetfood.org/wp-content/uploads/2025/09/FEDIAF-Nutritional-Guidelines_2025-ONLINE.pdf,FEDIAF объединяет ранний рост и репродукцию в одной колонке.
dog,Собака,dog_late_growth,Поздний рост ≥14 нед.,growth,,alpha_linolenic_acid,fatty_acid,Жирные кислоты,Альфа-линоленовая кислота (ω-3),Alpha-linolenic acid (ω-3),g,0.2,,,True,,III-3b,16,https://europeanpetfood.org/wp-content/uploads/2025/09/FEDIAF-Nutritional-Guidelines_2025-ONLINE.pdf,
dog,Собака,dog_adult_mer95,Взрослая собака — MER 95,adult,95 kcal/kg BW^0.75,epa_dha,fatty_acid,Жирные кислоты,ЭПК + ДГК (ω-3),EPA + DHA (ω-3),g,,,,False,,III-3b,16,https://europeanpetfood.org/wp-content/uploads/2025/09/FEDIAF-Nutritional-Guidelines_2025-ONLINE.pdf,
dog,Собака,dog_adult_mer110,Взрослая собака — MER 110,adult,110 kcal/kg BW^0.75,epa_dha,fatty_acid,Жирные кислоты,ЭПК + ДГК (ω-3),EPA + DHA (ω-3),g,,,,False,,III-3b,16,https://europeanpetfood.org/wp-content/uploads/2025/09/FEDIAF-Nutritional-Guidelines_2025-ONLINE.pdf,
dog,Собака,dog_early_growth_reproduction,Ранний рост <14 нед. / репродукция,growth_reproduction,,epa_dha,fatty_acid,Жирные кислоты,ЭПК + ДГК (ω-3),EPA + DHA (ω-3),g,0.13,,,True,,III-3b,16,https://europeanpetfood.org/wp-content/uploads/2025/09/FEDIAF-Nutritional-Guidelines_2025-ONLINE.pdf,FEDIAF объединяет ранний рост и репродукцию в одной колонке.
dog,Собака,dog_late_growth,Поздний рост ≥14 нед.,growth,,epa_dha,fatty_acid,Жирные кислоты,ЭПК + ДГК (ω-3),EPA + DHA (ω-3),g,0.13,,,True,,III-3b,16,https://europeanpetfood.org/wp-content/uploads/2025/09/FEDIAF-Nutritional-Guidelines_2025-ONLINE.pdf,
dog,Собака,dog_adult_mer95,Взрослая собака — MER 95,adult,95 kcal/kg BW^0.75,calcium,major_mineral,Макроминералы,Кальций,Calcium,g,1.45,,,True,,III-3b,16,https://europeanpetfood.org/wp-content/uploads/2025/09/FEDIAF-Nutritional-Guidelines_2025-ONLINE.pdf,
dog,Собака,dog_adult_mer110,Взрослая собака — MER 110,adult,110 kcal/kg BW^0.75,calcium,major_mineral,Макроминералы,Кальций,Calcium,g,1.25,,,True,,III-3b,16,https://europeanpetfood.org/wp-content/uploads/2025/09/FEDIAF-Nutritional-Guidelines_2025-ONLINE.pdf,
dog,Собака,dog_early_growth_reproduction,Ранний рост <14 нед. / репродукция,growth_reproduction,,calcium,major_mineral,Макроминералы,Кальций,Calcium,g,2.5,,,True,,III-3b,16,https://europeanpetfood.org/wp-content/uploads/2025/09/FEDIAF-Nutritional-Guidelines_2025-ONLINE.pdf,FEDIAF объединяет ранний рост и репродукцию в одной колонке.
dog,Собака,dog_late_growth,Поздний рост ≥14 нед.,growth,,calcium,major_mineral,Макроминералы,Кальций,Calcium,g,2.0,2.5,2.00ᵃ / 2.50ᵇ,True,"a,b",III-3b,16,https://europeanpetfood.org/wp-content/uploads/2025/09/FEDIAF-Nutritional-Guidelines_2025-ONLINE.pdf,"2.00 для пород с ожидаемой взрослой массой ≤15 кг; 2.50 для пород >15 кг до ~6 мес., затем допускается снижение до 2.00."
dog,Собака,dog_adult_mer95,Взрослая собака — MER 95,adult,95 kcal/kg BW^0.75,phosphorus,major_mineral,Макроминералы,Фосфор,Phosphorus,g,1.16,,,True,,III-3b,16,https://europeanpetfood.org/wp-content/uploads/2025/09/FEDIAF-Nutritional-Guidelines_2025-ONLINE.pdf,
dog,Собака,dog_adult_mer110,Взрослая собака — MER 110,adult,110 kcal/kg BW^0.75,phosphorus,major_mineral,Макроминералы,Фосфор,Phosphorus,g,1.0,,,True,,III-3b,16,https://europeanpetfood.org/wp-content/uploads/2025/09/FEDIAF-Nutritional-Guidelines_2025-ONLINE.pdf,
dog,Собака,dog_early_growth_reproduction,Ранний рост <14 нед. / репродукция,growth_reproduction,,phosphorus,major_mineral,Макроминералы,Фосфор,Phosphorus,g,2.25,,,True,,III-3b,16,https://europeanpetfood.org/wp-content/uploads/2025/09/FEDIAF-Nutritional-Guidelines_2025-ONLINE.pdf,FEDIAF объединяет ранний рост и репродукцию в одной колонке.
dog,Собака,dog_late_growth,Поздний рост ≥14 нед.,growth,,phosphorus,major_mineral,Макроминералы,Фосфор,Phosphorus,g,1.75,,,True,,III-3b,16,https://europeanpetfood.org/wp-content/uploads/2025/09/FEDIAF-Nutritional-Guidelines_2025-ONLINE.pdf,
dog,Собака,dog_adult_mer95,Взрослая собака — MER 95,adult,95 kcal/kg BW^0.75,ca_p_ratio,ratio,Соотношения,Соотношение Ca:P,Ca/P ratio,ratio,1.0,,,True,,III-3b,16,https://europeanpetfood.org/wp-content/uploads/2025/09/FEDIAF-Nutritional-Guidelines_2025-ONLINE.pdf,
dog,Собака,dog_adult_mer110,Взрослая собака — MER 110,adult,110 kcal/kg BW^0.75,ca_p_ratio,ratio,Соотношения,Соотношение Ca:P,Ca/P ratio,ratio,1.0,,,True,,III-3b,16,https://europeanpetfood.org/wp-content/uploads/2025/09/FEDIAF-Nutritional-Guidelines_2025-ONLINE.pdf,
dog,Собака,dog_early_growth_reproduction,Ранний рост <14 нед. / репродукция,growth_reproduction,,ca_p_ratio,ratio,Соотношения,Соотношение Ca:P,Ca/P ratio,ratio,1.0,,,True,,III-3b,16,https://europeanpetfood.org/wp-content/uploads/2025/09/FEDIAF-Nutritional-Guidelines_2025-ONLINE.pdf,FEDIAF объединяет ранний рост и репродукцию в одной колонке.
dog,Собака,dog_late_growth,Поздний рост ≥14 нед.,growth,,ca_p_ratio,ratio,Соотношения,Соотношение Ca:P,Ca/P ratio,ratio,1.0,,,True,,III-3b,16,https://europeanpetfood.org/wp-content/uploads/2025/09/FEDIAF-Nutritional-Guidelines_2025-ONLINE.pdf,
dog,Собака,dog_adult_mer95,Взрослая собака — MER 95,adult,95 kcal/kg BW^0.75,potassium,major_mineral,Макроминералы,Калий,Potassium,g,1.45,,,True,,III-3b,16,https://europeanpetfood.org/wp-content/uploads/2025/09/FEDIAF-Nutritional-Guidelines_2025-ONLINE.pdf,
dog,Собака,dog_adult_mer110,Взрослая собака — MER 110,adult,110 kcal/kg BW^0.75,potassium,major_mineral,Макроминералы,Калий,Potassium,g,1.25,,,True,,III-3b,16,https://europeanpetfood.org/wp-content/uploads/2025/09/FEDIAF-Nutritional-Guidelines_2025-ONLINE.pdf,
dog,Собака,dog_early_growth_reproduction,Ранний рост <14 нед. / репродукция,growth_reproduction,,potassium,major_mineral,Макроминералы,Калий,Potassium,g,1.1,,,True,,III-3b,16,https://europeanpetfood.org/wp-content/uploads/2025/09/FEDIAF-Nutritional-Guidelines_2025-ONLINE.pdf,FEDIAF объединяет ранний рост и репродукцию в одной колонке.
dog,Собака,dog_late_growth,Поздний рост ≥14 нед.,growth,,potassium,major_mineral,Макроминералы,Калий,Potassium,g,1.1,,,True,,III-3b,16,https://europeanpetfood.org/wp-content/uploads/2025/09/FEDIAF-Nutritional-Guidelines_2025-ONLINE.pdf,
dog,Собака,dog_adult_mer95,Взрослая собака — MER 95,adult,95 kcal/kg BW^0.75,sodium,major_mineral,Макроминералы,Натрий,Sodium,g,0.29,,,True,,III-3b,16,https://europeanpetfood.org/wp-content/uploads/2025/09/FEDIAF-Nutritional-Guidelines_2025-ONLINE.pdf,
dog,Собака,dog_adult_mer110,Взрослая собака — MER 110,adult,110 kcal/kg BW^0.75,sodium,major_mineral,Макроминералы,Натрий,Sodium,g,0.25,,,True,,III-3b,16,https://europeanpetfood.org/wp-content/uploads/2025/09/FEDIAF-Nutritional-Guidelines_2025-ONLINE.pdf,
dog,Собака,dog_early_growth_reproduction,Ранний рост <14 нед. / репродукция,growth_reproduction,,sodium,major_mineral,Макроминералы,Натрий,Sodium,g,0.55,,,True,,III-3b,16,https://europeanpetfood.org/wp-content/uploads/2025/09/FEDIAF-Nutritional-Guidelines_2025-ONLINE.pdf,FEDIAF объединяет ранний рост и репродукцию в одной колонке.
dog,Собака,dog_late_growth,Поздний рост ≥14 нед.,growth,,sodium,major_mineral,Макроминералы,Натрий,Sodium,g,0.55,,,True,,III-3b,16,https://europeanpetfood.org/wp-content/uploads/2025/09/FEDIAF-Nutritional-Guidelines_2025-ONLINE.pdf,
dog,Собака,dog_adult_mer95,Взрослая собака — MER 95,adult,95 kcal/kg BW^0.75,chloride,major_mineral,Макроминералы,Хлорид,Chloride,g,0.43,,,True,,III-3b,16,https://europeanpetfood.org/wp-content/uploads/2025/09/FEDIAF-Nutritional-Guidelines_2025-ONLINE.pdf,
dog,Собака,dog_adult_mer110,Взрослая собака — MER 110,adult,110 kcal/kg BW^0.75,chloride,major_mineral,Макроминералы,Хлорид,Chloride,g,0.38,,,True,,III-3b,16,https://europeanpetfood.org/wp-content/uploads/2025/09/FEDIAF-Nutritional-Guidelines_2025-ONLINE.pdf,
dog,Собака,dog_early_growth_reproduction,Ранний рост <14 нед. / репродукция,growth_reproduction,,chloride,major_mineral,Макроминералы,Хлорид,Chloride,g,0.83,,,True,,III-3b,16,https://europeanpetfood.org/wp-content/uploads/2025/09/FEDIAF-Nutritional-Guidelines_2025-ONLINE.pdf,FEDIAF объединяет ранний рост и репродукцию в одной колонке.
dog,Собака,dog_late_growth,Поздний рост ≥14 нед.,growth,,chloride,major_mineral,Макроминералы,Хлорид,Chloride,g,0.83,,,True,,III-3b,16,https://europeanpetfood.org/wp-content/uploads/2025/09/FEDIAF-Nutritional-Guidelines_2025-ONLINE.pdf,
dog,Собака,dog_adult_mer95,Взрослая собака — MER 95,adult,95 kcal/kg BW^0.75,magnesium,major_mineral,Макроминералы,Магний,Magnesium,g,0.2,,,True,,III-3b,16,https://europeanpetfood.org/wp-content/uploads/2025/09/FEDIAF-Nutritional-Guidelines_2025-ONLINE.pdf,
dog,Собака,dog_adult_mer110,Взрослая собака — MER 110,adult,110 kcal/kg BW^0.75,magnesium,major_mineral,Макроминералы,Магний,Magnesium,g,0.18,,,True,,III-3b,16,https://europeanpetfood.org/wp-content/uploads/2025/09/FEDIAF-Nutritional-Guidelines_2025-ONLINE.pdf,
dog,Собака,dog_early_growth_reproduction,Ранний рост <14 нед. / репродукция,growth_reproduction,,magnesium,major_mineral,Макроминералы,Магний,Magnesium,g,0.1,,,True,,III-3b,16,https://europeanpetfood.org/wp-content/uploads/2025/09/FEDIAF-Nutritional-Guidelines_2025-ONLINE.pdf,FEDIAF объединяет ранний рост и репродукцию в одной колонке.
dog,Собака,dog_late_growth,Поздний рост ≥14 нед.,growth,,magnesium,major_mineral,Макроминералы,Магний,Magnesium,g,0.1,,,True,,III-3b,16,https://europeanpetfood.org/wp-content/uploads/2025/09/FEDIAF-Nutritional-Guidelines_2025-ONLINE.pdf,
dog,Собака,dog_adult_mer95,Взрослая собака — MER 95,adult,95 kcal/kg BW^0.75,copper,trace_element,Микроэлементы,Медь,Copper,mg,2.08,,,True,,III-3b,16,https://europeanpetfood.org/wp-content/uploads/2025/09/FEDIAF-Nutritional-Guidelines_2025-ONLINE.pdf,
dog,Собака,dog_adult_mer110,Взрослая собака — MER 110,adult,110 kcal/kg BW^0.75,copper,trace_element,Микроэлементы,Медь,Copper,mg,1.8,,,True,,III-3b,16,https://europeanpetfood.org/wp-content/uploads/2025/09/FEDIAF-Nutritional-Guidelines_2025-ONLINE.pdf,
dog,Собака,dog_early_growth_reproduction,Ранний рост <14 нед. / репродукция,growth_reproduction,,copper,trace_element,Микроэлементы,Медь,Copper,mg,2.75,,,True,,III-3b,16,https://europeanpetfood.org/wp-content/uploads/2025/09/FEDIAF-Nutritional-Guidelines_2025-ONLINE.pdf,FEDIAF объединяет ранний рост и репродукцию в одной колонке.
dog,Собака,dog_late_growth,Поздний рост ≥14 нед.,growth,,copper,trace_element,Микроэлементы,Медь,Copper,mg,2.75,,,True,,III-3b,16,https://europeanpetfood.org/wp-content/uploads/2025/09/FEDIAF-Nutritional-Guidelines_2025-ONLINE.pdf,
dog,Собака,dog_adult_mer95,Взрослая собака — MER 95,adult,95 kcal/kg BW^0.75,iodine,trace_element,Микроэлементы,Йод,Iodine,mg,0.3,,,True,,III-3b,16,https://europeanpetfood.org/wp-content/uploads/2025/09/FEDIAF-Nutritional-Guidelines_2025-ONLINE.pdf,
dog,Собака,dog_adult_mer110,Взрослая собака — MER 110,adult,110 kcal/kg BW^0.75,iodine,trace_element,Микроэлементы,Йод,Iodine,mg,0.26,,,True,,III-3b,16,https://europeanpetfood.org/wp-content/uploads/2025/09/FEDIAF-Nutritional-Guidelines_2025-ONLINE.pdf,
dog,Собака,dog_early_growth_reproduction,Ранний рост <14 нед. / репродукция,growth_reproduction,,iodine,trace_element,Микроэлементы,Йод,Iodine,mg,0.38,,,True,,III-3b,16,https://europeanpetfood.org/wp-content/uploads/2025/09/FEDIAF-Nutritional-Guidelines_2025-ONLINE.pdf,FEDIAF объединяет ранний рост и репродукцию в одной колонке.
dog,Собака,dog_late_growth,Поздний рост ≥14 нед.,growth,,iodine,trace_element,Микроэлементы,Йод,Iodine,mg,0.38,,,True,,III-3b,16,https://europeanpetfood.org/wp-content/uploads/2025/09/FEDIAF-Nutritional-Guidelines_2025-ONLINE.pdf,
dog,Собака,dog_adult_mer95,Взрослая собака — MER 95,adult,95 kcal/kg BW^0.75,iron,trace_element,Микроэлементы,Железо,Iron,mg,10.4,,,True,,III-3b,16,https://europeanpetfood.org/wp-content/uploads/2025/09/FEDIAF-Nutritional-Guidelines_2025-ONLINE.pdf,
dog,Собака,dog_adult_mer110,Взрослая собака — MER 110,adult,110 kcal/kg BW^0.75,iron,trace_element,Микроэлементы,Железо,Iron,mg,9.0,,,True,,III-3b,16,https://europeanpetfood.org/wp-content/uploads/2025/09/FEDIAF-Nutritional-Guidelines_2025-ONLINE.pdf,
dog,Собака,dog_early_growth_reproduction,Ранний рост <14 нед. / репродукция,growth_reproduction,,iron,trace_element,Микроэлементы,Железо,Iron,mg,22.0,,,True,,III-3b,16,https://europeanpetfood.org/wp-content/uploads/2025/09/FEDIAF-Nutritional-Guidelines_2025-ONLINE.pdf,FEDIAF объединяет ранний рост и репродукцию в одной колонке.
dog,Собака,dog_late_growth,Поздний рост ≥14 нед.,growth,,iron,trace_element,Микроэлементы,Железо,Iron,mg,22.0,,,True,,III-3b,16,https://europeanpetfood.org/wp-content/uploads/2025/09/FEDIAF-Nutritional-Guidelines_2025-ONLINE.pdf,
dog,Собака,dog_adult_mer95,Взрослая собака — MER 95,adult,95 kcal/kg BW^0.75,manganese,trace_element,Микроэлементы,Марганец,Manganese,mg,1.67,,,True,,III-3b,16,https://europeanpetfood.org/wp-content/uploads/2025/09/FEDIAF-Nutritional-Guidelines_2025-ONLINE.pdf,
dog,Собака,dog_adult_mer110,Взрослая собака — MER 110,adult,110 kcal/kg BW^0.75,manganese,trace_element,Микроэлементы,Марганец,Manganese,mg,1.44,,,True,,III-3b,16,https://europeanpetfood.org/wp-content/uploads/2025/09/FEDIAF-Nutritional-Guidelines_2025-ONLINE.pdf,
dog,Собака,dog_early_growth_reproduction,Ранний рост <14 нед. / репродукция,growth_reproduction,,manganese,trace_element,Микроэлементы,Марганец,Manganese,mg,1.4,,,True,,III-3b,16,https://europeanpetfood.org/wp-content/uploads/2025/09/FEDIAF-Nutritional-Guidelines_2025-ONLINE.pdf,FEDIAF объединяет ранний рост и репродукцию в одной колонке.
dog,Собака,dog_late_growth,Поздний рост ≥14 нед.,growth,,manganese,trace_element,Микроэлементы,Марганец,Manganese,mg,1.4,,,True,,III-3b,16,https://europeanpetfood.org/wp-content/uploads/2025/09/FEDIAF-Nutritional-Guidelines_2025-ONLINE.pdf,
dog,Собака,dog_adult_mer95,Взрослая собака — MER 95,adult,95 kcal/kg BW^0.75,selenium_wet,trace_element,Микроэлементы,Селен — влажные рационы,Selenium (wet diets),µg,67.5,,,True,,III-3b,16,https://europeanpetfood.org/wp-content/uploads/2025/09/FEDIAF-Nutritional-Guidelines_2025-ONLINE.pdf,
dog,Собака,dog_adult_mer110,Взрослая собака — MER 110,adult,110 kcal/kg BW^0.75,selenium_wet,trace_element,Микроэлементы,Селен — влажные рационы,Selenium (wet diets),µg,57.5,,,True,,III-3b,16,https://europeanpetfood.org/wp-content/uploads/2025/09/FEDIAF-Nutritional-Guidelines_2025-ONLINE.pdf,
dog,Собака,dog_early_growth_reproduction,Ранний рост <14 нед. / репродукция,growth_reproduction,,selenium_wet,trace_element,Микроэлементы,Селен — влажные рационы,Selenium (wet diets),µg,100.0,,,True,,III-3b,16,https://europeanpetfood.org/wp-content/uploads/2025/09/FEDIAF-Nutritional-Guidelines_2025-ONLINE.pdf,FEDIAF объединяет ранний рост и репродукцию в одной колонке.
dog,Собака,dog_late_growth,Поздний рост ≥14 нед.,growth,,selenium_wet,trace_element,Микроэлементы,Селен — влажные рационы,Selenium (wet diets),µg,100.0,,,True,,III-3b,16,https://europeanpetfood.org/wp-content/uploads/2025/09/FEDIAF-Nutritional-Guidelines_2025-ONLINE.pdf,
dog,Собака,dog_adult_mer95,Взрослая собака — MER 95,adult,95 kcal/kg BW^0.75,selenium_dry,trace_element,Микроэлементы,Селен — сухие рационы,Selenium (dry diets),µg,55.0,,,True,,III-3b,16,https://europeanpetfood.org/wp-content/uploads/2025/09/FEDIAF-Nutritional-Guidelines_2025-ONLINE.pdf,
dog,Собака,dog_adult_mer110,Взрослая собака — MER 110,adult,110 kcal/kg BW^0.75,selenium_dry,trace_element,Микроэлементы,Селен — сухие рационы,Selenium (dry diets),µg,45.0,,,True,,III-3b,16,https://europeanpetfood.org/wp-content/uploads/2025/09/FEDIAF-Nutritional-Guidelines_2025-ONLINE.pdf,
dog,Собака,dog_early_growth_reproduction,Ранний рост <14 нед. / репродукция,growth_reproduction,,selenium_dry,trace_element,Микроэлементы,Селен — сухие рационы,Selenium (dry diets),µg,100.0,,,True,,III-3b,16,https://europeanpetfood.org/wp-content/uploads/2025/09/FEDIAF-Nutritional-Guidelines_2025-ONLINE.pdf,FEDIAF объединяет ранний рост и репродукцию в одной колонке.
dog,Собака,dog_late_growth,Поздний рост ≥14 нед.,growth,,selenium_dry,trace_element,Микроэлементы,Селен — сухие рационы,Selenium (dry diets),µg,100.0,,,True,,III-3b,16,https://europeanpetfood.org/wp-content/uploads/2025/09/FEDIAF-Nutritional-Guidelines_2025-ONLINE.pdf,
dog,Собака,dog_adult_mer95,Взрослая собака — MER 95,adult,95 kcal/kg BW^0.75,zinc,trace_element,Микроэлементы,Цинк,Zinc,mg,20.8,,,True,,III-3b,16,https://europeanpetfood.org/wp-content/uploads/2025/09/FEDIAF-Nutritional-Guidelines_2025-ONLINE.pdf,
dog,Собака,dog_adult_mer110,Взрослая собака — MER 110,adult,110 kcal/kg BW^0.75,zinc,trace_element,Микроэлементы,Цинк,Zinc,mg,18.0,,,True,,III-3b,16,https://europeanpetfood.org/wp-content/uploads/2025/09/FEDIAF-Nutritional-Guidelines_2025-ONLINE.pdf,
dog,Собака,dog_early_growth_reproduction,Ранний рост <14 нед. / репродукция,growth_reproduction,,zinc,trace_element,Микроэлементы,Цинк,Zinc,mg,25.0,,,True,,III-3b,16,https://europeanpetfood.org/wp-content/uploads/2025/09/FEDIAF-Nutritional-Guidelines_2025-ONLINE.pdf,FEDIAF объединяет ранний рост и репродукцию в одной колонке.
dog,Собака,dog_late_growth,Поздний рост ≥14 нед.,growth,,zinc,trace_element,Микроэлементы,Цинк,Zinc,mg,25.0,,,True,,III-3b,16,https://europeanpetfood.org/wp-content/uploads/2025/09/FEDIAF-Nutritional-Guidelines_2025-ONLINE.pdf,
dog,Собака,dog_adult_mer95,Взрослая собака — MER 95,adult,95 kcal/kg BW^0.75,vitamin_a,vitamin,Витамины,Витамин A,Vitamin A,IU,1754.0,,,True,,III-3b,16,https://europeanpetfood.org/wp-content/uploads/2025/09/FEDIAF-Nutritional-Guidelines_2025-ONLINE.pdf,
dog,Собака,dog_adult_mer110,Взрослая собака — MER 110,adult,110 kcal/kg BW^0.75,vitamin_a,vitamin,Витамины,Витамин A,Vitamin A,IU,1515.0,,,True,,III-3b,16,https://europeanpetfood.org/wp-content/uploads/2025/09/FEDIAF-Nutritional-Guidelines_2025-ONLINE.pdf,
dog,Собака,dog_early_growth_reproduction,Ранний рост <14 нед. / репродукция,growth_reproduction,,vitamin_a,vitamin,Витамины,Витамин A,Vitamin A,IU,1250.0,,,True,,III-3b,16,https://europeanpetfood.org/wp-content/uploads/2025/09/FEDIAF-Nutritional-Guidelines_2025-ONLINE.pdf,FEDIAF объединяет ранний рост и репродукцию в одной колонке.
dog,Собака,dog_late_growth,Поздний рост ≥14 нед.,growth,,vitamin_a,vitamin,Витамины,Витамин A,Vitamin A,IU,1250.0,,,True,,III-3b,16,https://europeanpetfood.org/wp-content/uploads/2025/09/FEDIAF-Nutritional-Guidelines_2025-ONLINE.pdf,
dog,Собака,dog_adult_mer95,Взрослая собака — MER 95,adult,95 kcal/kg BW^0.75,vitamin_d,vitamin,Витамины,Витамин D,Vitamin D,IU,159.0,,,True,,III-3b,16,https://europeanpetfood.org/wp-content/uploads/2025/09/FEDIAF-Nutritional-Guidelines_2025-ONLINE.pdf,
dog,Собака,dog_adult_mer110,Взрослая собака — MER 110,adult,110 kcal/kg BW^0.75,vitamin_d,vitamin,Витамины,Витамин D,Vitamin D,IU,138.0,,,True,,III-3b,16,https://europeanpetfood.org/wp-content/uploads/2025/09/FEDIAF-Nutritional-Guidelines_2025-ONLINE.pdf,
dog,Собака,dog_early_growth_reproduction,Ранний рост <14 нед. / репродукция,growth_reproduction,,vitamin_d,vitamin,Витамины,Витамин D,Vitamin D,IU,138.0,,,True,,III-3b,16,https://europeanpetfood.org/wp-content/uploads/2025/09/FEDIAF-Nutritional-Guidelines_2025-ONLINE.pdf,FEDIAF объединяет ранний рост и репродукцию в одной колонке.
dog,Собака,dog_late_growth,Поздний рост ≥14 нед.,growth,,vitamin_d,vitamin,Витамины,Витамин D,Vitamin D,IU,125.0,,,True,,III-3b,16,https://europeanpetfood.org/wp-content/uploads/2025/09/FEDIAF-Nutritional-Guidelines_2025-ONLINE.pdf,
dog,Собака,dog_adult_mer95,Взрослая собака — MER 95,adult,95 kcal/kg BW^0.75,vitamin_e,vitamin,Витамины,Витамин E,Vitamin E,IU,10.4,,,True,,III-3b,16,https://europeanpetfood.org/wp-content/uploads/2025/09/FEDIAF-Nutritional-Guidelines_2025-ONLINE.pdf,
dog,Собака,dog_adult_mer110,Взрослая собака — MER 110,adult,110 kcal/kg BW^0.75,vitamin_e,vitamin,Витамины,Витамин E,Vitamin E,IU,9.0,,,True,,III-3b,16,https://europeanpetfood.org/wp-content/uploads/2025/09/FEDIAF-Nutritional-Guidelines_2025-ONLINE.pdf,
dog,Собака,dog_early_growth_reproduction,Ранний рост <14 нед. / репродукция,growth_reproduction,,vitamin_e,vitamin,Витамины,Витамин E,Vitamin E,IU,12.5,,,True,,III-3b,16,https://europeanpetfood.org/wp-content/uploads/2025/09/FEDIAF-Nutritional-Guidelines_2025-ONLINE.pdf,FEDIAF объединяет ранний рост и репродукцию в одной колонке.
dog,Собака,dog_late_growth,Поздний рост ≥14 нед.,growth,,vitamin_e,vitamin,Витамины,Витамин E,Vitamin E,IU,12.5,,,True,,III-3b,16,https://europeanpetfood.org/wp-content/uploads/2025/09/FEDIAF-Nutritional-Guidelines_2025-ONLINE.pdf,
dog,Собака,dog_adult_mer95,Взрослая собака — MER 95,adult,95 kcal/kg BW^0.75,vitamin_b1,vitamin,Витамины,Витамин B1 (тиамин),Vitamin B1 (Thiamine),mg,0.62,,,True,,III-3b,16,https://europeanpetfood.org/wp-content/uploads/2025/09/FEDIAF-Nutritional-Guidelines_2025-ONLINE.pdf,
dog,Собака,dog_adult_mer110,Взрослая собака — MER 110,adult,110 kcal/kg BW^0.75,vitamin_b1,vitamin,Витамины,Витамин B1 (тиамин),Vitamin B1 (Thiamine),mg,0.54,,,True,,III-3b,16,https://europeanpetfood.org/wp-content/uploads/2025/09/FEDIAF-Nutritional-Guidelines_2025-ONLINE.pdf,
dog,Собака,dog_early_growth_reproduction,Ранний рост <14 нед. / репродукция,growth_reproduction,,vitamin_b1,vitamin,Витамины,Витамин B1 (тиамин),Vitamin B1 (Thiamine),mg,0.45,,,True,,III-3b,16,https://europeanpetfood.org/wp-content/uploads/2025/09/FEDIAF-Nutritional-Guidelines_2025-ONLINE.pdf,FEDIAF объединяет ранний рост и репродукцию в одной колонке.
dog,Собака,dog_late_growth,Поздний рост ≥14 нед.,growth,,vitamin_b1,vitamin,Витамины,Витамин B1 (тиамин),Vitamin B1 (Thiamine),mg,0.45,,,True,,III-3b,16,https://europeanpetfood.org/wp-content/uploads/2025/09/FEDIAF-Nutritional-Guidelines_2025-ONLINE.pdf,
dog,Собака,dog_adult_mer95,Взрослая собака — MER 95,adult,95 kcal/kg BW^0.75,vitamin_b2,vitamin,Витамины,Витамин B2 (рибофлавин),Vitamin B2 (Riboflavin),mg,1.74,,,True,,III-3b,16,https://europeanpetfood.org/wp-content/uploads/2025/09/FEDIAF-Nutritional-Guidelines_2025-ONLINE.pdf,
dog,Собака,dog_adult_mer110,Взрослая собака — MER 110,adult,110 kcal/kg BW^0.75,vitamin_b2,vitamin,Витамины,Витамин B2 (рибофлавин),Vitamin B2 (Riboflavin),mg,1.5,,,True,,III-3b,16,https://europeanpetfood.org/wp-content/uploads/2025/09/FEDIAF-Nutritional-Guidelines_2025-ONLINE.pdf,
dog,Собака,dog_early_growth_reproduction,Ранний рост <14 нед. / репродукция,growth_reproduction,,vitamin_b2,vitamin,Витамины,Витамин B2 (рибофлавин),Vitamin B2 (Riboflavin),mg,1.05,,,True,,III-3b,16,https://europeanpetfood.org/wp-content/uploads/2025/09/FEDIAF-Nutritional-Guidelines_2025-ONLINE.pdf,FEDIAF объединяет ранний рост и репродукцию в одной колонке.
dog,Собака,dog_late_growth,Поздний рост ≥14 нед.,growth,,vitamin_b2,vitamin,Витамины,Витамин B2 (рибофлавин),Vitamin B2 (Riboflavin),mg,1.05,,,True,,III-3b,16,https://europeanpetfood.org/wp-content/uploads/2025/09/FEDIAF-Nutritional-Guidelines_2025-ONLINE.pdf,
dog,Собака,dog_adult_mer95,Взрослая собака — MER 95,adult,95 kcal/kg BW^0.75,vitamin_b5,vitamin,Витамины,Витамин B5 (пантотеновая кислота),Vitamin B5 (Pantothenic acid),mg,4.11,,,True,,III-3b,16,https://europeanpetfood.org/wp-content/uploads/2025/09/FEDIAF-Nutritional-Guidelines_2025-ONLINE.pdf,
dog,Собака,dog_adult_mer110,Взрослая собака — MER 110,adult,110 kcal/kg BW^0.75,vitamin_b5,vitamin,Витамины,Витамин B5 (пантотеновая кислота),Vitamin B5 (Pantothenic acid),mg,3.55,,,True,,III-3b,16,https://europeanpetfood.org/wp-content/uploads/2025/09/FEDIAF-Nutritional-Guidelines_2025-ONLINE.pdf,
dog,Собака,dog_early_growth_reproduction,Ранний рост <14 нед. / репродукция,growth_reproduction,,vitamin_b5,vitamin,Витамины,Витамин B5 (пантотеновая кислота),Vitamin B5 (Pantothenic acid),mg,3.0,,,True,,III-3b,16,https://europeanpetfood.org/wp-content/uploads/2025/09/FEDIAF-Nutritional-Guidelines_2025-ONLINE.pdf,FEDIAF объединяет ранний рост и репродукцию в одной колонке.
dog,Собака,dog_late_growth,Поздний рост ≥14 нед.,growth,,vitamin_b5,vitamin,Витамины,Витамин B5 (пантотеновая кислота),Vitamin B5 (Pantothenic acid),mg,3.0,,,True,,III-3b,16,https://europeanpetfood.org/wp-content/uploads/2025/09/FEDIAF-Nutritional-Guidelines_2025-ONLINE.pdf,
dog,Собака,dog_adult_mer95,Взрослая собака — MER 95,adult,95 kcal/kg BW^0.75,vitamin_b6,vitamin,Витамины,Витамин B6 (пиридоксин),Vitamin B6 (Pyridoxine),mg,0.42,,,True,,III-3b,16,https://europeanpetfood.org/wp-content/uploads/2025/09/FEDIAF-Nutritional-Guidelines_2025-ONLINE.pdf,
dog,Собака,dog_adult_mer110,Взрослая собака — MER 110,adult,110 kcal/kg BW^0.75,vitamin_b6,vitamin,Витамины,Витамин B6 (пиридоксин),Vitamin B6 (Pyridoxine),mg,0.36,,,True,,III-3b,16,https://europeanpetfood.org/wp-content/uploads/2025/09/FEDIAF-Nutritional-Guidelines_2025-ONLINE.pdf,
dog,Собака,dog_early_growth_reproduction,Ранний рост <14 нед. / репродукция,growth_reproduction,,vitamin_b6,vitamin,Витамины,Витамин B6 (пиридоксин),Vitamin B6 (Pyridoxine),mg,0.3,,,True,,III-3b,16,https://europeanpetfood.org/wp-content/uploads/2025/09/FEDIAF-Nutritional-Guidelines_2025-ONLINE.pdf,FEDIAF объединяет ранний рост и репродукцию в одной колонке.
dog,Собака,dog_late_growth,Поздний рост ≥14 нед.,growth,,vitamin_b6,vitamin,Витамины,Витамин B6 (пиридоксин),Vitamin B6 (Pyridoxine),mg,0.3,,,True,,III-3b,16,https://europeanpetfood.org/wp-content/uploads/2025/09/FEDIAF-Nutritional-Guidelines_2025-ONLINE.pdf,
dog,Собака,dog_adult_mer95,Взрослая собака — MER 95,adult,95 kcal/kg BW^0.75,vitamin_b12,vitamin,Витамины,Витамин B12 (цианокобаламин),Vitamin B12 (Cyanocobalamin),µg,9.68,,,True,,III-3b,16,https://europeanpetfood.org/wp-content/uploads/2025/09/FEDIAF-Nutritional-Guidelines_2025-ONLINE.pdf,
dog,Собака,dog_adult_mer110,Взрослая собака — MER 110,adult,110 kcal/kg BW^0.75,vitamin_b12,vitamin,Витамины,Витамин B12 (цианокобаламин),Vitamin B12 (Cyanocobalamin),µg,8.36,,,True,,III-3b,16,https://europeanpetfood.org/wp-content/uploads/2025/09/FEDIAF-Nutritional-Guidelines_2025-ONLINE.pdf,
dog,Собака,dog_early_growth_reproduction,Ранний рост <14 нед. / репродукция,growth_reproduction,,vitamin_b12,vitamin,Витамины,Витамин B12 (цианокобаламин),Vitamin B12 (Cyanocobalamin),µg,7.0,,,True,,III-3b,16,https://europeanpetfood.org/wp-content/uploads/2025/09/FEDIAF-Nutritional-Guidelines_2025-ONLINE.pdf,FEDIAF объединяет ранний рост и репродукцию в одной колонке.
dog,Собака,dog_late_growth,Поздний рост ≥14 нед.,growth,,vitamin_b12,vitamin,Витамины,Витамин B12 (цианокобаламин),Vitamin B12 (Cyanocobalamin),µg,7.0,,,True,,III-3b,16,https://europeanpetfood.org/wp-content/uploads/2025/09/FEDIAF-Nutritional-Guidelines_2025-ONLINE.pdf,
dog,Собака,dog_adult_mer95,Взрослая собака — MER 95,adult,95 kcal/kg BW^0.75,vitamin_b3,vitamin,Витамины,Витамин B3 (ниацин),Vitamin B3 (Niacin),mg,4.74,,,True,,III-3b,16,https://europeanpetfood.org/wp-content/uploads/2025/09/FEDIAF-Nutritional-Guidelines_2025-ONLINE.pdf,
dog,Собака,dog_adult_mer110,Взрослая собака — MER 110,adult,110 kcal/kg BW^0.75,vitamin_b3,vitamin,Витамины,Витамин B3 (ниацин),Vitamin B3 (Niacin),mg,4.09,,,True,,III-3b,16,https://europeanpetfood.org/wp-content/uploads/2025/09/FEDIAF-Nutritional-Guidelines_2025-ONLINE.pdf,
dog,Собака,dog_early_growth_reproduction,Ранний рост <14 нед. / репродукция,growth_reproduction,,vitamin_b3,vitamin,Витамины,Витамин B3 (ниацин),Vitamin B3 (Niacin),mg,3.4,,,True,,III-3b,16,https://europeanpetfood.org/wp-content/uploads/2025/09/FEDIAF-Nutritional-Guidelines_2025-ONLINE.pdf,FEDIAF объединяет ранний рост и репродукцию в одной колонке.
dog,Собака,dog_late_growth,Поздний рост ≥14 нед.,growth,,vitamin_b3,vitamin,Витамины,Витамин B3 (ниацин),Vitamin B3 (Niacin),mg,3.4,,,True,,III-3b,16,https://europeanpetfood.org/wp-content/uploads/2025/09/FEDIAF-Nutritional-Guidelines_2025-ONLINE.pdf,
dog,Собака,dog_adult_mer95,Взрослая собака — MER 95,adult,95 kcal/kg BW^0.75,vitamin_b9,vitamin,Витамины,Витамин B9 (фолиевая кислота),Vitamin B9 (Folic acid),µg,74.7,,,True,,III-3b,16,https://europeanpetfood.org/wp-content/uploads/2025/09/FEDIAF-Nutritional-Guidelines_2025-ONLINE.pdf,
dog,Собака,dog_adult_mer110,Взрослая собака — MER 110,adult,110 kcal/kg BW^0.75,vitamin_b9,vitamin,Витамины,Витамин B9 (фолиевая кислота),Vitamin B9 (Folic acid),µg,64.5,,,True,,III-3b,16,https://europeanpetfood.org/wp-content/uploads/2025/09/FEDIAF-Nutritional-Guidelines_2025-ONLINE.pdf,
dog,Собака,dog_early_growth_reproduction,Ранний рост <14 нед. / репродукция,growth_reproduction,,vitamin_b9,vitamin,Витамины,Витамин B9 (фолиевая кислота),Vitamin B9 (Folic acid),µg,54.0,,,True,,III-3b,16,https://europeanpetfood.org/wp-content/uploads/2025/09/FEDIAF-Nutritional-Guidelines_2025-ONLINE.pdf,FEDIAF объединяет ранний рост и репродукцию в одной колонке.
dog,Собака,dog_late_growth,Поздний рост ≥14 нед.,growth,,vitamin_b9,vitamin,Витамины,Витамин B9 (фолиевая кислота),Vitamin B9 (Folic acid),µg,54.0,,,True,,III-3b,16,https://europeanpetfood.org/wp-content/uploads/2025/09/FEDIAF-Nutritional-Guidelines_2025-ONLINE.pdf,
dog,Собака,dog_adult_mer95,Взрослая собака — MER 95,adult,95 kcal/kg BW^0.75,vitamin_b7,vitamin,Витамины,Витамин B7 (биотин),Vitamin B7 (Biotin),µg,,,,False,,III-3b,16,https://europeanpetfood.org/wp-content/uploads/2025/09/FEDIAF-Nutritional-Guidelines_2025-ONLINE.pdf,
dog,Собака,dog_adult_mer110,Взрослая собака — MER 110,adult,110 kcal/kg BW^0.75,vitamin_b7,vitamin,Витамины,Витамин B7 (биотин),Vitamin B7 (Biotin),µg,,,,False,,III-3b,16,https://europeanpetfood.org/wp-content/uploads/2025/09/FEDIAF-Nutritional-Guidelines_2025-ONLINE.pdf,
dog,Собака,dog_early_growth_reproduction,Ранний рост <14 нед. / репродукция,growth_reproduction,,vitamin_b7,vitamin,Витамины,Витамин B7 (биотин),Vitamin B7 (Biotin),µg,,,,False,,III-3b,16,https://europeanpetfood.org/wp-content/uploads/2025/09/FEDIAF-Nutritional-Guidelines_2025-ONLINE.pdf,FEDIAF объединяет ранний рост и репродукцию в одной колонке.
dog,Собака,dog_late_growth,Поздний рост ≥14 нед.,growth,,vitamin_b7,vitamin,Витамины,Витамин B7 (биотин),Vitamin B7 (Biotin),µg,,,,False,,III-3b,16,https://europeanpetfood.org/wp-content/uploads/2025/09/FEDIAF-Nutritional-Guidelines_2025-ONLINE.pdf,
dog,Собака,dog_adult_mer95,Взрослая собака — MER 95,adult,95 kcal/kg BW^0.75,choline,vitamin_like,Витаминоподобные вещества,Холин,Choline,mg,474.0,,,True,,III-3b,16,https://europeanpetfood.org/wp-content/uploads/2025/09/FEDIAF-Nutritional-Guidelines_2025-ONLINE.pdf,
dog,Собака,dog_adult_mer110,Взрослая собака — MER 110,adult,110 kcal/kg BW^0.75,choline,vitamin_like,Витаминоподобные вещества,Холин,Choline,mg,409.0,,,True,,III-3b,16,https://europeanpetfood.org/wp-content/uploads/2025/09/FEDIAF-Nutritional-Guidelines_2025-ONLINE.pdf,
dog,Собака,dog_early_growth_reproduction,Ранний рост <14 нед. / репродукция,growth_reproduction,,choline,vitamin_like,Витаминоподобные вещества,Холин,Choline,mg,425.0,,,True,,III-3b,16,https://europeanpetfood.org/wp-content/uploads/2025/09/FEDIAF-Nutritional-Guidelines_2025-ONLINE.pdf,FEDIAF объединяет ранний рост и репродукцию в одной колонке.
dog,Собака,dog_late_growth,Поздний рост ≥14 нед.,growth,,choline,vitamin_like,Витаминоподобные вещества,Холин,Choline,mg,425.0,,,True,,III-3b,16,https://europeanpetfood.org/wp-content/uploads/2025/09/FEDIAF-Nutritional-Guidelines_2025-ONLINE.pdf,
dog,Собака,dog_adult_mer95,Взрослая собака — MER 95,adult,95 kcal/kg BW^0.75,vitamin_k,vitamin,Витамины,Витамин K,Vitamin K,µg,,,,False,,III-3b,16,https://europeanpetfood.org/wp-content/uploads/2025/09/FEDIAF-Nutritional-Guidelines_2025-ONLINE.pdf,
dog,Собака,dog_adult_mer110,Взрослая собака — MER 110,adult,110 kcal/kg BW^0.75,vitamin_k,vitamin,Витамины,Витамин K,Vitamin K,µg,,,,False,,III-3b,16,https://europeanpetfood.org/wp-content/uploads/2025/09/FEDIAF-Nutritional-Guidelines_2025-ONLINE.pdf,
dog,Собака,dog_early_growth_reproduction,Ранний рост <14 нед. / репродукция,growth_reproduction,,vitamin_k,vitamin,Витамины,Витамин K,Vitamin K,µg,,,,False,,III-3b,16,https://europeanpetfood.org/wp-content/uploads/2025/09/FEDIAF-Nutritional-Guidelines_2025-ONLINE.pdf,FEDIAF объединяет ранний рост и репродукцию в одной колонке.
dog,Собака,dog_late_growth,Поздний рост ≥14 нед.,growth,,vitamin_k,vitamin,Витамины,Витамин K,Vitamin K,µg,,,,False,,III-3b,16,https://europeanpetfood.org/wp-content/uploads/2025/09/FEDIAF-Nutritional-Guidelines_2025-ONLINE.pdf,
cat,Кошка,cat_adult_mer75,Взрослая кошка — MER 75,adult,75 kcal/kg BW^0.67,protein,macronutrient,Основные питательные вещества,Белок,Protein,g,83.3,,,True,,III-4b,19,https://europeanpetfood.org/wp-content/uploads/2025/09/FEDIAF-Nutritional-Guidelines_2025-ONLINE.pdf,
cat,Кошка,cat_adult_mer100,Взрослая кошка — MER 100,adult,100 kcal/kg BW^0.67,protein,macronutrient,Основные питательные вещества,Белок,Protein,g,62.5,,,True,,III-4b,19,https://europeanpetfood.org/wp-content/uploads/2025/09/FEDIAF-Nutritional-Guidelines_2025-ONLINE.pdf,
cat,Кошка,cat_growth,Рост,growth,,protein,macronutrient,Основные питательные вещества,Белок,Protein,g,70.0,,,True,,III-4b,19,https://europeanpetfood.org/wp-content/uploads/2025/09/FEDIAF-Nutritional-Guidelines_2025-ONLINE.pdf,В исходной таблице приведены раздельные значения рост/репродукция.
cat,Кошка,cat_reproduction,Репродукция,reproduction,,protein,macronutrient,Основные питательные вещества,Белок,Protein,g,75.0,,,True,,III-4b,19,https://europeanpetfood.org/wp-content/uploads/2025/09/FEDIAF-Nutritional-Guidelines_2025-ONLINE.pdf,В исходной таблице приведены раздельные значения рост/репродукция.
cat,Кошка,cat_adult_mer75,Взрослая кошка — MER 75,adult,75 kcal/kg BW^0.67,arginine,amino_acid,Аминокислоты,Аргинин,Arginine,g,3.3,,,True,,III-4b,19,https://europeanpetfood.org/wp-content/uploads/2025/09/FEDIAF-Nutritional-Guidelines_2025-ONLINE.pdf,
cat,Кошка,cat_adult_mer100,Взрослая кошка — MER 100,adult,100 kcal/kg BW^0.67,arginine,amino_acid,Аминокислоты,Аргинин,Arginine,g,2.5,,,True,,III-4b,19,https://europeanpetfood.org/wp-content/uploads/2025/09/FEDIAF-Nutritional-Guidelines_2025-ONLINE.pdf,
cat,Кошка,cat_growth,Рост,growth,,arginine,amino_acid,Аминокислоты,Аргинин,Arginine,g,2.68,,,True,,III-4b,19,https://europeanpetfood.org/wp-content/uploads/2025/09/FEDIAF-Nutritional-Guidelines_2025-ONLINE.pdf,В исходной таблице приведены раздельные значения рост/репродукция.
cat,Кошка,cat_reproduction,Репродукция,reproduction,,arginine,amino_acid,Аминокислоты,Аргинин,Arginine,g,2.78,,,True,,III-4b,19,https://europeanpetfood.org/wp-content/uploads/2025/09/FEDIAF-Nutritional-Guidelines_2025-ONLINE.pdf,В исходной таблице приведены раздельные значения рост/репродукция.
cat,Кошка,cat_adult_mer75,Взрослая кошка — MER 75,adult,75 kcal/kg BW^0.67,histidine,amino_acid,Аминокислоты,Гистидин,Histidine,g,0.87,,,True,,III-4b,19,https://europeanpetfood.org/wp-content/uploads/2025/09/FEDIAF-Nutritional-Guidelines_2025-ONLINE.pdf,
cat,Кошка,cat_adult_mer100,Взрослая кошка — MER 100,adult,100 kcal/kg BW^0.67,histidine,amino_acid,Аминокислоты,Гистидин,Histidine,g,0.65,,,True,,III-4b,19,https://europeanpetfood.org/wp-content/uploads/2025/09/FEDIAF-Nutritional-Guidelines_2025-ONLINE.pdf,
cat,Кошка,cat_growth,Рост,growth,,histidine,amino_acid,Аминокислоты,Гистидин,Histidine,g,0.83,,,True,,III-4b,19,https://europeanpetfood.org/wp-content/uploads/2025/09/FEDIAF-Nutritional-Guidelines_2025-ONLINE.pdf,В исходной таблице рост и репродукция объединены; значение одинаковое.
cat,Кошка,cat_reproduction,Репродукция,reproduction,,histidine,amino_acid,Аминокислоты,Гистидин,Histidine,g,0.83,,,True,,III-4b,19,https://europeanpetfood.org/wp-content/uploads/2025/09/FEDIAF-Nutritional-Guidelines_2025-ONLINE.pdf,В исходной таблице рост и репродукция объединены; значение одинаковое.
cat,Кошка,cat_adult_mer75,Взрослая кошка — MER 75,adult,75 kcal/kg BW^0.67,isoleucine,amino_acid,Аминокислоты,Изолейцин,Isoleucine,g,1.44,,,True,,III-4b,19,https://europeanpetfood.org/wp-content/uploads/2025/09/FEDIAF-Nutritional-Guidelines_2025-ONLINE.pdf,
cat,Кошка,cat_adult_mer100,Взрослая кошка — MER 100,adult,100 kcal/kg BW^0.67,isoleucine,amino_acid,Аминокислоты,Изолейцин,Isoleucine,g,1.08,,,True,,III-4b,19,https://europeanpetfood.org/wp-content/uploads/2025/09/FEDIAF-Nutritional-Guidelines_2025-ONLINE.pdf,
cat,Кошка,cat_growth,Рост,growth,,isoleucine,amino_acid,Аминокислоты,Изолейцин,Isoleucine,g,1.35,,,True,,III-4b,19,https://europeanpetfood.org/wp-content/uploads/2025/09/FEDIAF-Nutritional-Guidelines_2025-ONLINE.pdf,В исходной таблице рост и репродукция объединены; значение одинаковое.
cat,Кошка,cat_reproduction,Репродукция,reproduction,,isoleucine,amino_acid,Аминокислоты,Изолейцин,Isoleucine,g,1.35,,,True,,III-4b,19,https://europeanpetfood.org/wp-content/uploads/2025/09/FEDIAF-Nutritional-Guidelines_2025-ONLINE.pdf,В исходной таблице рост и репродукция объединены; значение одинаковое.
cat,Кошка,cat_adult_mer75,Взрослая кошка — MER 75,adult,75 kcal/kg BW^0.67,leucine,amino_acid,Аминокислоты,Лейцин,Leucine,g,3.4,,,True,,III-4b,19,https://europeanpetfood.org/wp-content/uploads/2025/09/FEDIAF-Nutritional-Guidelines_2025-ONLINE.pdf,
cat,Кошка,cat_adult_mer100,Взрослая кошка — MER 100,adult,100 kcal/kg BW^0.67,leucine,amino_acid,Аминокислоты,Лейцин,Leucine,g,2.55,,,True,,III-4b,19,https://europeanpetfood.org/wp-content/uploads/2025/09/FEDIAF-Nutritional-Guidelines_2025-ONLINE.pdf,
cat,Кошка,cat_growth,Рост,growth,,leucine,amino_acid,Аминокислоты,Лейцин,Leucine,g,3.2,,,True,,III-4b,19,https://europeanpetfood.org/wp-content/uploads/2025/09/FEDIAF-Nutritional-Guidelines_2025-ONLINE.pdf,В исходной таблице рост и репродукция объединены; значение одинаковое.
cat,Кошка,cat_reproduction,Репродукция,reproduction,,leucine,amino_acid,Аминокислоты,Лейцин,Leucine,g,3.2,,,True,,III-4b,19,https://europeanpetfood.org/wp-content/uploads/2025/09/FEDIAF-Nutritional-Guidelines_2025-ONLINE.pdf,В исходной таблице рост и репродукция объединены; значение одинаковое.
cat,Кошка,cat_adult_mer75,Взрослая кошка — MER 75,adult,75 kcal/kg BW^0.67,lysine,amino_acid,Аминокислоты,Лизин,Lysine,g,1.13,,,True,,III-4b,19,https://europeanpetfood.org/wp-content/uploads/2025/09/FEDIAF-Nutritional-Guidelines_2025-ONLINE.pdf,
cat,Кошка,cat_adult_mer100,Взрослая кошка — MER 100,adult,100 kcal/kg BW^0.67,lysine,amino_acid,Аминокислоты,Лизин,Lysine,g,0.85,,,True,,III-4b,19,https://europeanpetfood.org/wp-content/uploads/2025/09/FEDIAF-Nutritional-Guidelines_2025-ONLINE.pdf,
cat,Кошка,cat_growth,Рост,growth,,lysine,amino_acid,Аминокислоты,Лизин,Lysine,g,2.13,,,True,,III-4b,19,https://europeanpetfood.org/wp-content/uploads/2025/09/FEDIAF-Nutritional-Guidelines_2025-ONLINE.pdf,В исходной таблице рост и репродукция объединены; значение одинаковое.
cat,Кошка,cat_reproduction,Репродукция,reproduction,,lysine,amino_acid,Аминокислоты,Лизин,Lysine,g,2.13,,,True,,III-4b,19,https://europeanpetfood.org/wp-content/uploads/2025/09/FEDIAF-Nutritional-Guidelines_2025-ONLINE.pdf,В исходной таблице рост и репродукция объединены; значение одинаковое.
cat,Кошка,cat_adult_mer75,Взрослая кошка — MER 75,adult,75 kcal/kg BW^0.67,methionine,amino_acid,Аминокислоты,Метионин,Methionine,g,0.57,,,True,,III-4b,19,https://europeanpetfood.org/wp-content/uploads/2025/09/FEDIAF-Nutritional-Guidelines_2025-ONLINE.pdf,
cat,Кошка,cat_adult_mer100,Взрослая кошка — MER 100,adult,100 kcal/kg BW^0.67,methionine,amino_acid,Аминокислоты,Метионин,Methionine,g,0.43,,,True,,III-4b,19,https://europeanpetfood.org/wp-content/uploads/2025/09/FEDIAF-Nutritional-Guidelines_2025-ONLINE.pdf,
cat,Кошка,cat_growth,Рост,growth,,methionine,amino_acid,Аминокислоты,Метионин,Methionine,g,1.1,,,True,,III-4b,19,https://europeanpetfood.org/wp-content/uploads/2025/09/FEDIAF-Nutritional-Guidelines_2025-ONLINE.pdf,В исходной таблице рост и репродукция объединены; значение одинаковое.
cat,Кошка,cat_reproduction,Репродукция,reproduction,,methionine,amino_acid,Аминокислоты,Метионин,Methionine,g,1.1,,,True,,III-4b,19,https://europeanpetfood.org/wp-content/uploads/2025/09/FEDIAF-Nutritional-Guidelines_2025-ONLINE.pdf,В исходной таблице рост и репродукция объединены; значение одинаковое.
cat,Кошка,cat_adult_mer75,Взрослая кошка — MER 75,adult,75 kcal/kg BW^0.67,methionine_cystine,amino_acid,Аминокислоты,Метионин + цистин,Methionine + cystine,g,1.13,,,True,,III-4b,19,https://europeanpetfood.org/wp-content/uploads/2025/09/FEDIAF-Nutritional-Guidelines_2025-ONLINE.pdf,
cat,Кошка,cat_adult_mer100,Взрослая кошка — MER 100,adult,100 kcal/kg BW^0.67,methionine_cystine,amino_acid,Аминокислоты,Метионин + цистин,Methionine + cystine,g,0.85,,,True,,III-4b,19,https://europeanpetfood.org/wp-content/uploads/2025/09/FEDIAF-Nutritional-Guidelines_2025-ONLINE.pdf,
cat,Кошка,cat_growth,Рост,growth,,methionine_cystine,amino_acid,Аминокислоты,Метионин + цистин,Methionine + cystine,g,2.2,,,True,,III-4b,19,https://europeanpetfood.org/wp-content/uploads/2025/09/FEDIAF-Nutritional-Guidelines_2025-ONLINE.pdf,В исходной таблице рост и репродукция объединены; значение одинаковое.
cat,Кошка,cat_reproduction,Репродукция,reproduction,,methionine_cystine,amino_acid,Аминокислоты,Метионин + цистин,Methionine + cystine,g,2.2,,,True,,III-4b,19,https://europeanpetfood.org/wp-content/uploads/2025/09/FEDIAF-Nutritional-Guidelines_2025-ONLINE.pdf,В исходной таблице рост и репродукция объединены; значение одинаковое.
cat,Кошка,cat_adult_mer75,Взрослая кошка — MER 75,adult,75 kcal/kg BW^0.67,phenylalanine,amino_acid,Аминокислоты,Фенилаланин,Phenylalanine,g,1.33,,,True,,III-4b,19,https://europeanpetfood.org/wp-content/uploads/2025/09/FEDIAF-Nutritional-Guidelines_2025-ONLINE.pdf,
cat,Кошка,cat_adult_mer100,Взрослая кошка — MER 100,adult,100 kcal/kg BW^0.67,phenylalanine,amino_acid,Аминокислоты,Фенилаланин,Phenylalanine,g,1.0,,,True,,III-4b,19,https://europeanpetfood.org/wp-content/uploads/2025/09/FEDIAF-Nutritional-Guidelines_2025-ONLINE.pdf,
cat,Кошка,cat_growth,Рост,growth,,phenylalanine,amino_acid,Аминокислоты,Фенилаланин,Phenylalanine,g,1.25,,,True,,III-4b,19,https://europeanpetfood.org/wp-content/uploads/2025/09/FEDIAF-Nutritional-Guidelines_2025-ONLINE.pdf,В исходной таблице рост и репродукция объединены; значение одинаковое.
cat,Кошка,cat_reproduction,Репродукция,reproduction,,phenylalanine,amino_acid,Аминокислоты,Фенилаланин,Phenylalanine,g,1.25,,,True,,III-4b,19,https://europeanpetfood.org/wp-content/uploads/2025/09/FEDIAF-Nutritional-Guidelines_2025-ONLINE.pdf,В исходной таблице рост и репродукция объединены; значение одинаковое.
cat,Кошка,cat_adult_mer75,Взрослая кошка — MER 75,adult,75 kcal/kg BW^0.67,phenylalanine_tyrosine,amino_acid,Аминокислоты,Фенилаланин + тирозин,Phenylalanine + tyrosine,g,5.11,,,True,,III-4b,19,https://europeanpetfood.org/wp-content/uploads/2025/09/FEDIAF-Nutritional-Guidelines_2025-ONLINE.pdf,
cat,Кошка,cat_adult_mer100,Взрослая кошка — MER 100,adult,100 kcal/kg BW^0.67,phenylalanine_tyrosine,amino_acid,Аминокислоты,Фенилаланин + тирозин,Phenylalanine + tyrosine,g,3.83,,,True,,III-4b,19,https://europeanpetfood.org/wp-content/uploads/2025/09/FEDIAF-Nutritional-Guidelines_2025-ONLINE.pdf,
cat,Кошка,cat_growth,Рост,growth,,phenylalanine_tyrosine,amino_acid,Аминокислоты,Фенилаланин + тирозин,Phenylalanine + tyrosine,g,4.78,,,True,,III-4b,19,https://europeanpetfood.org/wp-content/uploads/2025/09/FEDIAF-Nutritional-Guidelines_2025-ONLINE.pdf,В исходной таблице рост и репродукция объединены; значение одинаковое.
cat,Кошка,cat_reproduction,Репродукция,reproduction,,phenylalanine_tyrosine,amino_acid,Аминокислоты,Фенилаланин + тирозин,Phenylalanine + tyrosine,g,4.78,,,True,,III-4b,19,https://europeanpetfood.org/wp-content/uploads/2025/09/FEDIAF-Nutritional-Guidelines_2025-ONLINE.pdf,В исходной таблице рост и репродукция объединены; значение одинаковое.
cat,Кошка,cat_adult_mer75,Взрослая кошка — MER 75,adult,75 kcal/kg BW^0.67,threonine,amino_acid,Аминокислоты,Треонин,Threonine,g,1.73,,,True,,III-4b,19,https://europeanpetfood.org/wp-content/uploads/2025/09/FEDIAF-Nutritional-Guidelines_2025-ONLINE.pdf,
cat,Кошка,cat_adult_mer100,Взрослая кошка — MER 100,adult,100 kcal/kg BW^0.67,threonine,amino_acid,Аминокислоты,Треонин,Threonine,g,1.3,,,True,,III-4b,19,https://europeanpetfood.org/wp-content/uploads/2025/09/FEDIAF-Nutritional-Guidelines_2025-ONLINE.pdf,
cat,Кошка,cat_growth,Рост,growth,,threonine,amino_acid,Аминокислоты,Треонин,Threonine,g,1.63,,,True,,III-4b,19,https://europeanpetfood.org/wp-content/uploads/2025/09/FEDIAF-Nutritional-Guidelines_2025-ONLINE.pdf,В исходной таблице рост и репродукция объединены; значение одинаковое.
cat,Кошка,cat_reproduction,Репродукция,reproduction,,threonine,amino_acid,Аминокислоты,Треонин,Threonine,g,1.63,,,True,,III-4b,19,https://europeanpetfood.org/wp-content/uploads/2025/09/FEDIAF-Nutritional-Guidelines_2025-ONLINE.pdf,В исходной таблице рост и репродукция объединены; значение одинаковое.
cat,Кошка,cat_adult_mer75,Взрослая кошка — MER 75,adult,75 kcal/kg BW^0.67,tryptophan,amino_acid,Аминокислоты,Триптофан,Tryptophan,g,0.44,,,True,,III-4b,19,https://europeanpetfood.org/wp-content/uploads/2025/09/FEDIAF-Nutritional-Guidelines_2025-ONLINE.pdf,
cat,Кошка,cat_adult_mer100,Взрослая кошка — MER 100,adult,100 kcal/kg BW^0.67,tryptophan,amino_acid,Аминокислоты,Триптофан,Tryptophan,g,0.33,,,True,,III-4b,19,https://europeanpetfood.org/wp-content/uploads/2025/09/FEDIAF-Nutritional-Guidelines_2025-ONLINE.pdf,
cat,Кошка,cat_growth,Рост,growth,,tryptophan,amino_acid,Аминокислоты,Триптофан,Tryptophan,g,0.4,,,True,,III-4b,19,https://europeanpetfood.org/wp-content/uploads/2025/09/FEDIAF-Nutritional-Guidelines_2025-ONLINE.pdf,В исходной таблице рост и репродукция объединены; значение одинаковое.
cat,Кошка,cat_reproduction,Репродукция,reproduction,,tryptophan,amino_acid,Аминокислоты,Триптофан,Tryptophan,g,0.4,,,True,,III-4b,19,https://europeanpetfood.org/wp-content/uploads/2025/09/FEDIAF-Nutritional-Guidelines_2025-ONLINE.pdf,В исходной таблице рост и репродукция объединены; значение одинаковое.
cat,Кошка,cat_adult_mer75,Взрослая кошка — MER 75,adult,75 kcal/kg BW^0.67,valine,amino_acid,Аминокислоты,Валин,Valine,g,1.7,,,True,,III-4b,19,https://europeanpetfood.org/wp-content/uploads/2025/09/FEDIAF-Nutritional-Guidelines_2025-ONLINE.pdf,
cat,Кошка,cat_adult_mer100,Взрослая кошка — MER 100,adult,100 kcal/kg BW^0.67,valine,amino_acid,Аминокислоты,Валин,Valine,g,1.28,,,True,,III-4b,19,https://europeanpetfood.org/wp-content/uploads/2025/09/FEDIAF-Nutritional-Guidelines_2025-ONLINE.pdf,
cat,Кошка,cat_growth,Рост,growth,,valine,amino_acid,Аминокислоты,Валин,Valine,g,1.6,,,True,,III-4b,19,https://europeanpetfood.org/wp-content/uploads/2025/09/FEDIAF-Nutritional-Guidelines_2025-ONLINE.pdf,В исходной таблице рост и репродукция объединены; значение одинаковое.
cat,Кошка,cat_reproduction,Репродукция,reproduction,,valine,amino_acid,Аминокислоты,Валин,Valine,g,1.6,,,True,,III-4b,19,https://europeanpetfood.org/wp-content/uploads/2025/09/FEDIAF-Nutritional-Guidelines_2025-ONLINE.pdf,В исходной таблице рост и репродукция объединены; значение одинаковое.
cat,Кошка,cat_adult_mer75,Взрослая кошка — MER 75,adult,75 kcal/kg BW^0.67,taurine_canned,vitamin_like,Витаминоподобные вещества,Таурин — влажный корм,Taurine (canned pet food),g,0.67,,,True,,III-4b,19,https://europeanpetfood.org/wp-content/uploads/2025/09/FEDIAF-Nutritional-Guidelines_2025-ONLINE.pdf,
cat,Кошка,cat_adult_mer100,Взрослая кошка — MER 100,adult,100 kcal/kg BW^0.67,taurine_canned,vitamin_like,Витаминоподобные вещества,Таурин — влажный корм,Taurine (canned pet food),g,0.5,,,True,,III-4b,19,https://europeanpetfood.org/wp-content/uploads/2025/09/FEDIAF-Nutritional-Guidelines_2025-ONLINE.pdf,
cat,Кошка,cat_growth,Рост,growth,,taurine_canned,vitamin_like,Витаминоподобные вещества,Таурин — влажный корм,Taurine (canned pet food),g,0.63,,,True,,III-4b,19,https://europeanpetfood.org/wp-content/uploads/2025/09/FEDIAF-Nutritional-Guidelines_2025-ONLINE.pdf,В исходной таблице рост и репродукция объединены; значение одинаковое.
cat,Кошка,cat_reproduction,Репродукция,reproduction,,taurine_canned,vitamin_like,Витаминоподобные вещества,Таурин — влажный корм,Taurine (canned pet food),g,0.63,,,True,,III-4b,19,https://europeanpetfood.org/wp-content/uploads/2025/09/FEDIAF-Nutritional-Guidelines_2025-ONLINE.pdf,В исходной таблице рост и репродукция объединены; значение одинаковое.
cat,Кошка,cat_adult_mer75,Взрослая кошка — MER 75,adult,75 kcal/kg BW^0.67,taurine_dry,vitamin_like,Витаминоподобные вещества,Таурин — сухой корм,Taurine (dry pet food),g,0.33,,,True,,III-4b,19,https://europeanpetfood.org/wp-content/uploads/2025/09/FEDIAF-Nutritional-Guidelines_2025-ONLINE.pdf,
cat,Кошка,cat_adult_mer100,Взрослая кошка — MER 100,adult,100 kcal/kg BW^0.67,taurine_dry,vitamin_like,Витаминоподобные вещества,Таурин — сухой корм,Taurine (dry pet food),g,0.25,,,True,,III-4b,19,https://europeanpetfood.org/wp-content/uploads/2025/09/FEDIAF-Nutritional-Guidelines_2025-ONLINE.pdf,
cat,Кошка,cat_growth,Рост,growth,,taurine_dry,vitamin_like,Витаминоподобные вещества,Таурин — сухой корм,Taurine (dry pet food),g,0.25,,,True,,III-4b,19,https://europeanpetfood.org/wp-content/uploads/2025/09/FEDIAF-Nutritional-Guidelines_2025-ONLINE.pdf,В исходной таблице рост и репродукция объединены; значение одинаковое.
cat,Кошка,cat_reproduction,Репродукция,reproduction,,taurine_dry,vitamin_like,Витаминоподобные вещества,Таурин — сухой корм,Taurine (dry pet food),g,0.25,,,True,,III-4b,19,https://europeanpetfood.org/wp-content/uploads/2025/09/FEDIAF-Nutritional-Guidelines_2025-ONLINE.pdf,В исходной таблице рост и репродукция объединены; значение одинаковое.
cat,Кошка,cat_adult_mer75,Взрослая кошка — MER 75,adult,75 kcal/kg BW^0.67,fat,macronutrient,Основные питательные вещества,Жир,Fat,g,22.5,,,True,,III-4b,19,https://europeanpetfood.org/wp-content/uploads/2025/09/FEDIAF-Nutritional-Guidelines_2025-ONLINE.pdf,
cat,Кошка,cat_adult_mer100,Взрослая кошка — MER 100,adult,100 kcal/kg BW^0.67,fat,macronutrient,Основные питательные вещества,Жир,Fat,g,22.5,,,True,,III-4b,19,https://europeanpetfood.org/wp-content/uploads/2025/09/FEDIAF-Nutritional-Guidelines_2025-ONLINE.pdf,
cat,Кошка,cat_growth,Рост,growth,,fat,macronutrient,Основные питательные вещества,Жир,Fat,g,22.5,,,True,,III-4b,19,https://europeanpetfood.org/wp-content/uploads/2025/09/FEDIAF-Nutritional-Guidelines_2025-ONLINE.pdf,В исходной таблице рост и репродукция объединены; значение одинаковое.
cat,Кошка,cat_reproduction,Репродукция,reproduction,,fat,macronutrient,Основные питательные вещества,Жир,Fat,g,22.5,,,True,,III-4b,19,https://europeanpetfood.org/wp-content/uploads/2025/09/FEDIAF-Nutritional-Guidelines_2025-ONLINE.pdf,В исходной таблице рост и репродукция объединены; значение одинаковое.
cat,Кошка,cat_adult_mer75,Взрослая кошка — MER 75,adult,75 kcal/kg BW^0.67,linoleic_acid,fatty_acid,Жирные кислоты,Линолевая кислота (ω-6),Linoleic acid (ω-6),g,1.67,,,True,,III-4b,19,https://europeanpetfood.org/wp-content/uploads/2025/09/FEDIAF-Nutritional-Guidelines_2025-ONLINE.pdf,
cat,Кошка,cat_adult_mer100,Взрослая кошка — MER 100,adult,100 kcal/kg BW^0.67,linoleic_acid,fatty_acid,Жирные кислоты,Линолевая кислота (ω-6),Linoleic acid (ω-6),g,1.25,,,True,,III-4b,19,https://europeanpetfood.org/wp-content/uploads/2025/09/FEDIAF-Nutritional-Guidelines_2025-ONLINE.pdf,
cat,Кошка,cat_growth,Рост,growth,,linoleic_acid,fatty_acid,Жирные кислоты,Линолевая кислота (ω-6),Linoleic acid (ω-6),g,1.38,,,True,,III-4b,19,https://europeanpetfood.org/wp-content/uploads/2025/09/FEDIAF-Nutritional-Guidelines_2025-ONLINE.pdf,В исходной таблице рост и репродукция объединены; значение одинаковое.
cat,Кошка,cat_reproduction,Репродукция,reproduction,,linoleic_acid,fatty_acid,Жирные кислоты,Линолевая кислота (ω-6),Linoleic acid (ω-6),g,1.38,,,True,,III-4b,19,https://europeanpetfood.org/wp-content/uploads/2025/09/FEDIAF-Nutritional-Guidelines_2025-ONLINE.pdf,В исходной таблице рост и репродукция объединены; значение одинаковое.
cat,Кошка,cat_adult_mer75,Взрослая кошка — MER 75,adult,75 kcal/kg BW^0.67,arachidonic_acid,fatty_acid,Жирные кислоты,Арахидоновая кислота (ω-6),Arachidonic acid (ω-6),mg,20.0,,,True,,III-4b,19,https://europeanpetfood.org/wp-content/uploads/2025/09/FEDIAF-Nutritional-Guidelines_2025-ONLINE.pdf,
cat,Кошка,cat_adult_mer100,Взрослая кошка — MER 100,adult,100 kcal/kg BW^0.67,arachidonic_acid,fatty_acid,Жирные кислоты,Арахидоновая кислота (ω-6),Arachidonic acid (ω-6),mg,15.0,,,True,,III-4b,19,https://europeanpetfood.org/wp-content/uploads/2025/09/FEDIAF-Nutritional-Guidelines_2025-ONLINE.pdf,
cat,Кошка,cat_growth,Рост,growth,,arachidonic_acid,fatty_acid,Жирные кислоты,Арахидоновая кислота (ω-6),Arachidonic acid (ω-6),mg,50.0,,,True,,III-4b,19,https://europeanpetfood.org/wp-content/uploads/2025/09/FEDIAF-Nutritional-Guidelines_2025-ONLINE.pdf,В исходной таблице рост и репродукция объединены; значение одинаковое.
cat,Кошка,cat_reproduction,Репродукция,reproduction,,arachidonic_acid,fatty_acid,Жирные кислоты,Арахидоновая кислота (ω-6),Arachidonic acid (ω-6),mg,50.0,,,True,,III-4b,19,https://europeanpetfood.org/wp-content/uploads/2025/09/FEDIAF-Nutritional-Guidelines_2025-ONLINE.pdf,В исходной таблице рост и репродукция объединены; значение одинаковое.
cat,Кошка,cat_adult_mer75,Взрослая кошка — MER 75,adult,75 kcal/kg BW^0.67,alpha_linolenic_acid,fatty_acid,Жирные кислоты,Альфа-линоленовая кислота (ω-3),Alpha-linolenic acid (ω-3),g,,,,False,,III-4b,19,https://europeanpetfood.org/wp-content/uploads/2025/09/FEDIAF-Nutritional-Guidelines_2025-ONLINE.pdf,
cat,Кошка,cat_adult_mer100,Взрослая кошка — MER 100,adult,100 kcal/kg BW^0.67,alpha_linolenic_acid,fatty_acid,Жирные кислоты,Альфа-линоленовая кислота (ω-3),Alpha-linolenic acid (ω-3),g,,,,False,,III-4b,19,https://europeanpetfood.org/wp-content/uploads/2025/09/FEDIAF-Nutritional-Guidelines_2025-ONLINE.pdf,
cat,Кошка,cat_growth,Рост,growth,,alpha_linolenic_acid,fatty_acid,Жирные кислоты,Альфа-линоленовая кислота (ω-3),Alpha-linolenic acid (ω-3),g,0.05,,,True,,III-4b,19,https://europeanpetfood.org/wp-content/uploads/2025/09/FEDIAF-Nutritional-Guidelines_2025-ONLINE.pdf,В исходной таблице рост и репродукция объединены; значение одинаковое.
cat,Кошка,cat_reproduction,Репродукция,reproduction,,alpha_linolenic_acid,fatty_acid,Жирные кислоты,Альфа-линоленовая кислота (ω-3),Alpha-linolenic acid (ω-3),g,0.05,,,True,,III-4b,19,https://europeanpetfood.org/wp-content/uploads/2025/09/FEDIAF-Nutritional-Guidelines_2025-ONLINE.pdf,В исходной таблице рост и репродукция объединены; значение одинаковое.
cat,Кошка,cat_adult_mer75,Взрослая кошка — MER 75,adult,75 kcal/kg BW^0.67,epa_dha,fatty_acid,Жирные кислоты,ЭПК + ДГК (ω-3),EPA + DHA (ω-3),g,,,,False,,III-4b,19,https://europeanpetfood.org/wp-content/uploads/2025/09/FEDIAF-Nutritional-Guidelines_2025-ONLINE.pdf,
cat,Кошка,cat_adult_mer100,Взрослая кошка — MER 100,adult,100 kcal/kg BW^0.67,epa_dha,fatty_acid,Жирные кислоты,ЭПК + ДГК (ω-3),EPA + DHA (ω-3),g,,,,False,,III-4b,19,https://europeanpetfood.org/wp-content/uploads/2025/09/FEDIAF-Nutritional-Guidelines_2025-ONLINE.pdf,
cat,Кошка,cat_growth,Рост,growth,,epa_dha,fatty_acid,Жирные кислоты,ЭПК + ДГК (ω-3),EPA + DHA (ω-3),g,0.03,,,True,,III-4b,19,https://europeanpetfood.org/wp-content/uploads/2025/09/FEDIAF-Nutritional-Guidelines_2025-ONLINE.pdf,В исходной таблице рост и репродукция объединены; значение одинаковое.
cat,Кошка,cat_reproduction,Репродукция,reproduction,,epa_dha,fatty_acid,Жирные кислоты,ЭПК + ДГК (ω-3),EPA + DHA (ω-3),g,0.03,,,True,,III-4b,19,https://europeanpetfood.org/wp-content/uploads/2025/09/FEDIAF-Nutritional-Guidelines_2025-ONLINE.pdf,В исходной таблице рост и репродукция объединены; значение одинаковое.
cat,Кошка,cat_adult_mer75,Взрослая кошка — MER 75,adult,75 kcal/kg BW^0.67,calcium,major_mineral,Макроминералы,Кальций,Calcium,g,1.33,,,True,,III-4b,19,https://europeanpetfood.org/wp-content/uploads/2025/09/FEDIAF-Nutritional-Guidelines_2025-ONLINE.pdf,
cat,Кошка,cat_adult_mer100,Взрослая кошка — MER 100,adult,100 kcal/kg BW^0.67,calcium,major_mineral,Макроминералы,Кальций,Calcium,g,1.0,,,True,,III-4b,19,https://europeanpetfood.org/wp-content/uploads/2025/09/FEDIAF-Nutritional-Guidelines_2025-ONLINE.pdf,
cat,Кошка,cat_growth,Рост,growth,,calcium,major_mineral,Макроминералы,Кальций,Calcium,g,2.5,,,True,,III-4b,19,https://europeanpetfood.org/wp-content/uploads/2025/09/FEDIAF-Nutritional-Guidelines_2025-ONLINE.pdf,В исходной таблице рост и репродукция объединены; значение одинаковое.
cat,Кошка,cat_reproduction,Репродукция,reproduction,,calcium,major_mineral,Макроминералы,Кальций,Calcium,g,2.5,,,True,,III-4b,19,https://europeanpetfood.org/wp-content/uploads/2025/09/FEDIAF-Nutritional-Guidelines_2025-ONLINE.pdf,В исходной таблице рост и репродукция объединены; значение одинаковое.
cat,Кошка,cat_adult_mer75,Взрослая кошка — MER 75,adult,75 kcal/kg BW^0.67,phosphorus,major_mineral,Макроминералы,Фосфор,Phosphorus,g,0.85,,,True,,III-4b,19,https://europeanpetfood.org/wp-content/uploads/2025/09/FEDIAF-Nutritional-Guidelines_2025-ONLINE.pdf,
cat,Кошка,cat_adult_mer100,Взрослая кошка — MER 100,adult,100 kcal/kg BW^0.67,phosphorus,major_mineral,Макроминералы,Фосфор,Phosphorus,g,0.64,,,True,,III-4b,19,https://europeanpetfood.org/wp-content/uploads/2025/09/FEDIAF-Nutritional-Guidelines_2025-ONLINE.pdf,
cat,Кошка,cat_growth,Рост,growth,,phosphorus,major_mineral,Макроминералы,Фосфор,Phosphorus,g,2.1,,,True,,III-4b,19,https://europeanpetfood.org/wp-content/uploads/2025/09/FEDIAF-Nutritional-Guidelines_2025-ONLINE.pdf,В исходной таблице рост и репродукция объединены; значение одинаковое.
cat,Кошка,cat_reproduction,Репродукция,reproduction,,phosphorus,major_mineral,Макроминералы,Фосфор,Phosphorus,g,2.1,,,True,,III-4b,19,https://europeanpetfood.org/wp-content/uploads/2025/09/FEDIAF-Nutritional-Guidelines_2025-ONLINE.pdf,В исходной таблице рост и репродукция объединены; значение одинаковое.
cat,Кошка,cat_adult_mer75,Взрослая кошка — MER 75,adult,75 kcal/kg BW^0.67,ca_p_ratio,ratio,Соотношения,Соотношение Ca:P,Ca/P ratio,ratio,1.0,,,True,,III-4b,19,https://europeanpetfood.org/wp-content/uploads/2025/09/FEDIAF-Nutritional-Guidelines_2025-ONLINE.pdf,
cat,Кошка,cat_adult_mer100,Взрослая кошка — MER 100,adult,100 kcal/kg BW^0.67,ca_p_ratio,ratio,Соотношения,Соотношение Ca:P,Ca/P ratio,ratio,1.0,,,True,,III-4b,19,https://europeanpetfood.org/wp-content/uploads/2025/09/FEDIAF-Nutritional-Guidelines_2025-ONLINE.pdf,
cat,Кошка,cat_growth,Рост,growth,,ca_p_ratio,ratio,Соотношения,Соотношение Ca:P,Ca/P ratio,ratio,1.0,,,True,,III-4b,19,https://europeanpetfood.org/wp-content/uploads/2025/09/FEDIAF-Nutritional-Guidelines_2025-ONLINE.pdf,В исходной таблице рост и репродукция объединены; значение одинаковое.
cat,Кошка,cat_reproduction,Репродукция,reproduction,,ca_p_ratio,ratio,Соотношения,Соотношение Ca:P,Ca/P ratio,ratio,1.0,,,True,,III-4b,19,https://europeanpetfood.org/wp-content/uploads/2025/09/FEDIAF-Nutritional-Guidelines_2025-ONLINE.pdf,В исходной таблице рост и репродукция объединены; значение одинаковое.
cat,Кошка,cat_adult_mer75,Взрослая кошка — MER 75,adult,75 kcal/kg BW^0.67,potassium,major_mineral,Макроминералы,Калий,Potassium,g,2.0,,,True,,III-4b,19,https://europeanpetfood.org/wp-content/uploads/2025/09/FEDIAF-Nutritional-Guidelines_2025-ONLINE.pdf,
cat,Кошка,cat_adult_mer100,Взрослая кошка — MER 100,adult,100 kcal/kg BW^0.67,potassium,major_mineral,Макроминералы,Калий,Potassium,g,1.5,,,True,,III-4b,19,https://europeanpetfood.org/wp-content/uploads/2025/09/FEDIAF-Nutritional-Guidelines_2025-ONLINE.pdf,
cat,Кошка,cat_growth,Рост,growth,,potassium,major_mineral,Макроминералы,Калий,Potassium,g,1.5,,,True,,III-4b,19,https://europeanpetfood.org/wp-content/uploads/2025/09/FEDIAF-Nutritional-Guidelines_2025-ONLINE.pdf,В исходной таблице рост и репродукция объединены; значение одинаковое.
cat,Кошка,cat_reproduction,Репродукция,reproduction,,potassium,major_mineral,Макроминералы,Калий,Potassium,g,1.5,,,True,,III-4b,19,https://europeanpetfood.org/wp-content/uploads/2025/09/FEDIAF-Nutritional-Guidelines_2025-ONLINE.pdf,В исходной таблице рост и репродукция объединены; значение одинаковое.
cat,Кошка,cat_adult_mer75,Взрослая кошка — MER 75,adult,75 kcal/kg BW^0.67,sodium,major_mineral,Макроминералы,Натрий,Sodium,g,0.25,,,True,,III-4b,19,https://europeanpetfood.org/wp-content/uploads/2025/09/FEDIAF-Nutritional-Guidelines_2025-ONLINE.pdf,
cat,Кошка,cat_adult_mer100,Взрослая кошка — MER 100,adult,100 kcal/kg BW^0.67,sodium,major_mineral,Макроминералы,Натрий,Sodium,g,0.19,,,True,,III-4b,19,https://europeanpetfood.org/wp-content/uploads/2025/09/FEDIAF-Nutritional-Guidelines_2025-ONLINE.pdf,
cat,Кошка,cat_growth,Рост,growth,,sodium,major_mineral,Макроминералы,Натрий,Sodium,g,0.4,,,True,,III-4b,19,https://europeanpetfood.org/wp-content/uploads/2025/09/FEDIAF-Nutritional-Guidelines_2025-ONLINE.pdf,В исходной таблице рост и репродукция объединены; значение одинаковое.
cat,Кошка,cat_reproduction,Репродукция,reproduction,,sodium,major_mineral,Макроминералы,Натрий,Sodium,g,0.4,,,True,,III-4b,19,https://europeanpetfood.org/wp-content/uploads/2025/09/FEDIAF-Nutritional-Guidelines_2025-ONLINE.pdf,В исходной таблице рост и репродукция объединены; значение одинаковое.
cat,Кошка,cat_adult_mer75,Взрослая кошка — MER 75,adult,75 kcal/kg BW^0.67,chloride,major_mineral,Макроминералы,Хлорид,Chloride,g,0.39,,,True,,III-4b,19,https://europeanpetfood.org/wp-content/uploads/2025/09/FEDIAF-Nutritional-Guidelines_2025-ONLINE.pdf,
cat,Кошка,cat_adult_mer100,Взрослая кошка — MER 100,adult,100 kcal/kg BW^0.67,chloride,major_mineral,Макроминералы,Хлорид,Chloride,g,0.29,,,True,,III-4b,19,https://europeanpetfood.org/wp-content/uploads/2025/09/FEDIAF-Nutritional-Guidelines_2025-ONLINE.pdf,
cat,Кошка,cat_growth,Рост,growth,,chloride,major_mineral,Макроминералы,Хлорид,Chloride,g,0.6,,,True,,III-4b,19,https://europeanpetfood.org/wp-content/uploads/2025/09/FEDIAF-Nutritional-Guidelines_2025-ONLINE.pdf,В исходной таблице рост и репродукция объединены; значение одинаковое.
cat,Кошка,cat_reproduction,Репродукция,reproduction,,chloride,major_mineral,Макроминералы,Хлорид,Chloride,g,0.6,,,True,,III-4b,19,https://europeanpetfood.org/wp-content/uploads/2025/09/FEDIAF-Nutritional-Guidelines_2025-ONLINE.pdf,В исходной таблице рост и репродукция объединены; значение одинаковое.
cat,Кошка,cat_adult_mer75,Взрослая кошка — MER 75,adult,75 kcal/kg BW^0.67,magnesium,major_mineral,Макроминералы,Магний,Magnesium,g,0.13,,,True,,III-4b,19,https://europeanpetfood.org/wp-content/uploads/2025/09/FEDIAF-Nutritional-Guidelines_2025-ONLINE.pdf,
cat,Кошка,cat_adult_mer100,Взрослая кошка — MER 100,adult,100 kcal/kg BW^0.67,magnesium,major_mineral,Макроминералы,Магний,Magnesium,g,0.1,,,True,,III-4b,19,https://europeanpetfood.org/wp-content/uploads/2025/09/FEDIAF-Nutritional-Guidelines_2025-ONLINE.pdf,
cat,Кошка,cat_growth,Рост,growth,,magnesium,major_mineral,Макроминералы,Магний,Magnesium,g,0.13,,,True,,III-4b,19,https://europeanpetfood.org/wp-content/uploads/2025/09/FEDIAF-Nutritional-Guidelines_2025-ONLINE.pdf,В исходной таблице рост и репродукция объединены; значение одинаковое.
cat,Кошка,cat_reproduction,Репродукция,reproduction,,magnesium,major_mineral,Макроминералы,Магний,Magnesium,g,0.13,,,True,,III-4b,19,https://europeanpetfood.org/wp-content/uploads/2025/09/FEDIAF-Nutritional-Guidelines_2025-ONLINE.pdf,В исходной таблице рост и репродукция объединены; значение одинаковое.
cat,Кошка,cat_adult_mer75,Взрослая кошка — MER 75,adult,75 kcal/kg BW^0.67,copper,trace_element,Микроэлементы,Медь,Copper,mg,1.67,,,True,,III-4b,19,https://europeanpetfood.org/wp-content/uploads/2025/09/FEDIAF-Nutritional-Guidelines_2025-ONLINE.pdf,
cat,Кошка,cat_adult_mer100,Взрослая кошка — MER 100,adult,100 kcal/kg BW^0.67,copper,trace_element,Микроэлементы,Медь,Copper,mg,1.25,,,True,,III-4b,19,https://europeanpetfood.org/wp-content/uploads/2025/09/FEDIAF-Nutritional-Guidelines_2025-ONLINE.pdf,
cat,Кошка,cat_growth,Рост,growth,,copper,trace_element,Микроэлементы,Медь,Copper,mg,2.5,,,True,,III-4b,19,https://europeanpetfood.org/wp-content/uploads/2025/09/FEDIAF-Nutritional-Guidelines_2025-ONLINE.pdf,В исходной таблице рост и репродукция объединены; значение одинаковое.
cat,Кошка,cat_reproduction,Репродукция,reproduction,,copper,trace_element,Микроэлементы,Медь,Copper,mg,2.5,,,True,,III-4b,19,https://europeanpetfood.org/wp-content/uploads/2025/09/FEDIAF-Nutritional-Guidelines_2025-ONLINE.pdf,В исходной таблице рост и репродукция объединены; значение одинаковое.
cat,Кошка,cat_adult_mer75,Взрослая кошка — MER 75,adult,75 kcal/kg BW^0.67,iodine,trace_element,Микроэлементы,Йод,Iodine,mg,0.43,,,True,,III-4b,19,https://europeanpetfood.org/wp-content/uploads/2025/09/FEDIAF-Nutritional-Guidelines_2025-ONLINE.pdf,
cat,Кошка,cat_adult_mer100,Взрослая кошка — MER 100,adult,100 kcal/kg BW^0.67,iodine,trace_element,Микроэлементы,Йод,Iodine,mg,0.33,,,True,,III-4b,19,https://europeanpetfood.org/wp-content/uploads/2025/09/FEDIAF-Nutritional-Guidelines_2025-ONLINE.pdf,
cat,Кошка,cat_growth,Рост,growth,,iodine,trace_element,Микроэлементы,Йод,Iodine,mg,0.45,,,True,,III-4b,19,https://europeanpetfood.org/wp-content/uploads/2025/09/FEDIAF-Nutritional-Guidelines_2025-ONLINE.pdf,В исходной таблице рост и репродукция объединены; значение одинаковое.
cat,Кошка,cat_reproduction,Репродукция,reproduction,,iodine,trace_element,Микроэлементы,Йод,Iodine,mg,0.45,,,True,,III-4b,19,https://europeanpetfood.org/wp-content/uploads/2025/09/FEDIAF-Nutritional-Guidelines_2025-ONLINE.pdf,В исходной таблице рост и репродукция объединены; значение одинаковое.
cat,Кошка,cat_adult_mer75,Взрослая кошка — MER 75,adult,75 kcal/kg BW^0.67,iron,trace_element,Микроэлементы,Железо,Iron,mg,26.7,,,True,,III-4b,19,https://europeanpetfood.org/wp-content/uploads/2025/09/FEDIAF-Nutritional-Guidelines_2025-ONLINE.pdf,
cat,Кошка,cat_adult_mer100,Взрослая кошка — MER 100,adult,100 kcal/kg BW^0.67,iron,trace_element,Микроэлементы,Железо,Iron,mg,20.0,,,True,,III-4b,19,https://europeanpetfood.org/wp-content/uploads/2025/09/FEDIAF-Nutritional-Guidelines_2025-ONLINE.pdf,
cat,Кошка,cat_growth,Рост,growth,,iron,trace_element,Микроэлементы,Железо,Iron,mg,20.0,,,True,,III-4b,19,https://europeanpetfood.org/wp-content/uploads/2025/09/FEDIAF-Nutritional-Guidelines_2025-ONLINE.pdf,В исходной таблице рост и репродукция объединены; значение одинаковое.
cat,Кошка,cat_reproduction,Репродукция,reproduction,,iron,trace_element,Микроэлементы,Железо,Iron,mg,20.0,,,True,,III-4b,19,https://europeanpetfood.org/wp-content/uploads/2025/09/FEDIAF-Nutritional-Guidelines_2025-ONLINE.pdf,В исходной таблице рост и репродукция объединены; значение одинаковое.
cat,Кошка,cat_adult_mer75,Взрослая кошка — MER 75,adult,75 kcal/kg BW^0.67,manganese,trace_element,Микроэлементы,Марганец,Manganese,mg,1.67,,,True,,III-4b,19,https://europeanpetfood.org/wp-content/uploads/2025/09/FEDIAF-Nutritional-Guidelines_2025-ONLINE.pdf,
cat,Кошка,cat_adult_mer100,Взрослая кошка — MER 100,adult,100 kcal/kg BW^0.67,manganese,trace_element,Микроэлементы,Марганец,Manganese,mg,1.25,,,True,,III-4b,19,https://europeanpetfood.org/wp-content/uploads/2025/09/FEDIAF-Nutritional-Guidelines_2025-ONLINE.pdf,
cat,Кошка,cat_growth,Рост,growth,,manganese,trace_element,Микроэлементы,Марганец,Manganese,mg,2.5,,,True,,III-4b,19,https://europeanpetfood.org/wp-content/uploads/2025/09/FEDIAF-Nutritional-Guidelines_2025-ONLINE.pdf,В исходной таблице рост и репродукция объединены; значение одинаковое.
cat,Кошка,cat_reproduction,Репродукция,reproduction,,manganese,trace_element,Микроэлементы,Марганец,Manganese,mg,2.5,,,True,,III-4b,19,https://europeanpetfood.org/wp-content/uploads/2025/09/FEDIAF-Nutritional-Guidelines_2025-ONLINE.pdf,В исходной таблице рост и репродукция объединены; значение одинаковое.
cat,Кошка,cat_adult_mer75,Взрослая кошка — MER 75,adult,75 kcal/kg BW^0.67,selenium_wet,trace_element,Микроэлементы,Селен — влажные рационы,Selenium (wet diets),µg,87.5,,,True,,III-4b,19,https://europeanpetfood.org/wp-content/uploads/2025/09/FEDIAF-Nutritional-Guidelines_2025-ONLINE.pdf,
cat,Кошка,cat_adult_mer100,Взрослая кошка — MER 100,adult,100 kcal/kg BW^0.67,selenium_wet,trace_element,Микроэлементы,Селен — влажные рационы,Selenium (wet diets),µg,65.0,,,True,,III-4b,19,https://europeanpetfood.org/wp-content/uploads/2025/09/FEDIAF-Nutritional-Guidelines_2025-ONLINE.pdf,
cat,Кошка,cat_growth,Рост,growth,,selenium_wet,trace_element,Микроэлементы,Селен — влажные рационы,Selenium (wet diets),µg,75.0,,,True,,III-4b,19,https://europeanpetfood.org/wp-content/uploads/2025/09/FEDIAF-Nutritional-Guidelines_2025-ONLINE.pdf,В исходной таблице рост и репродукция объединены; значение одинаковое.
cat,Кошка,cat_reproduction,Репродукция,reproduction,,selenium_wet,trace_element,Микроэлементы,Селен — влажные рационы,Selenium (wet diets),µg,75.0,,,True,,III-4b,19,https://europeanpetfood.org/wp-content/uploads/2025/09/FEDIAF-Nutritional-Guidelines_2025-ONLINE.pdf,В исходной таблице рост и репродукция объединены; значение одинаковое.
cat,Кошка,cat_adult_mer75,Взрослая кошка — MER 75,adult,75 kcal/kg BW^0.67,selenium_dry,trace_element,Микроэлементы,Селен — сухие рационы,Selenium (dry diets),µg,70.0,,,True,,III-4b,19,https://europeanpetfood.org/wp-content/uploads/2025/09/FEDIAF-Nutritional-Guidelines_2025-ONLINE.pdf,
cat,Кошка,cat_adult_mer100,Взрослая кошка — MER 100,adult,100 kcal/kg BW^0.67,selenium_dry,trace_element,Микроэлементы,Селен — сухие рационы,Selenium (dry diets),µg,52.5,,,True,,III-4b,19,https://europeanpetfood.org/wp-content/uploads/2025/09/FEDIAF-Nutritional-Guidelines_2025-ONLINE.pdf,
cat,Кошка,cat_growth,Рост,growth,,selenium_dry,trace_element,Микроэлементы,Селен — сухие рационы,Selenium (dry diets),µg,75.0,,,True,,III-4b,19,https://europeanpetfood.org/wp-content/uploads/2025/09/FEDIAF-Nutritional-Guidelines_2025-ONLINE.pdf,В исходной таблице рост и репродукция объединены; значение одинаковое.
cat,Кошка,cat_reproduction,Репродукция,reproduction,,selenium_dry,trace_element,Микроэлементы,Селен — сухие рационы,Selenium (dry diets),µg,75.0,,,True,,III-4b,19,https://europeanpetfood.org/wp-content/uploads/2025/09/FEDIAF-Nutritional-Guidelines_2025-ONLINE.pdf,В исходной таблице рост и репродукция объединены; значение одинаковое.
cat,Кошка,cat_adult_mer75,Взрослая кошка — MER 75,adult,75 kcal/kg BW^0.67,zinc,trace_element,Микроэлементы,Цинк,Zinc,mg,25.0,,,True,,III-4b,19,https://europeanpetfood.org/wp-content/uploads/2025/09/FEDIAF-Nutritional-Guidelines_2025-ONLINE.pdf,
cat,Кошка,cat_adult_mer100,Взрослая кошка — MER 100,adult,100 kcal/kg BW^0.67,zinc,trace_element,Микроэлементы,Цинк,Zinc,mg,18.8,,,True,,III-4b,19,https://europeanpetfood.org/wp-content/uploads/2025/09/FEDIAF-Nutritional-Guidelines_2025-ONLINE.pdf,
cat,Кошка,cat_growth,Рост,growth,,zinc,trace_element,Микроэлементы,Цинк,Zinc,mg,18.8,,,True,,III-4b,19,https://europeanpetfood.org/wp-content/uploads/2025/09/FEDIAF-Nutritional-Guidelines_2025-ONLINE.pdf,В исходной таблице рост и репродукция объединены; значение одинаковое.
cat,Кошка,cat_reproduction,Репродукция,reproduction,,zinc,trace_element,Микроэлементы,Цинк,Zinc,mg,18.8,,,True,,III-4b,19,https://europeanpetfood.org/wp-content/uploads/2025/09/FEDIAF-Nutritional-Guidelines_2025-ONLINE.pdf,В исходной таблице рост и репродукция объединены; значение одинаковое.
cat,Кошка,cat_adult_mer75,Взрослая кошка — MER 75,adult,75 kcal/kg BW^0.67,vitamin_a,vitamin,Витамины,Витамин A,Vitamin A,IU,1110.0,,,True,,III-4b,19,https://europeanpetfood.org/wp-content/uploads/2025/09/FEDIAF-Nutritional-Guidelines_2025-ONLINE.pdf,
cat,Кошка,cat_adult_mer100,Взрослая кошка — MER 100,adult,100 kcal/kg BW^0.67,vitamin_a,vitamin,Витамины,Витамин A,Vitamin A,IU,833.0,,,True,,III-4b,19,https://europeanpetfood.org/wp-content/uploads/2025/09/FEDIAF-Nutritional-Guidelines_2025-ONLINE.pdf,
cat,Кошка,cat_growth,Рост,growth,,vitamin_a,vitamin,Витамины,Витамин A,Vitamin A,IU,2250.0,,,True,,III-4b,19,https://europeanpetfood.org/wp-content/uploads/2025/09/FEDIAF-Nutritional-Guidelines_2025-ONLINE.pdf,В исходной таблице рост и репродукция объединены; значение одинаковое.
cat,Кошка,cat_reproduction,Репродукция,reproduction,,vitamin_a,vitamin,Витамины,Витамин A,Vitamin A,IU,2250.0,,,True,,III-4b,19,https://europeanpetfood.org/wp-content/uploads/2025/09/FEDIAF-Nutritional-Guidelines_2025-ONLINE.pdf,В исходной таблице рост и репродукция объединены; значение одинаковое.
cat,Кошка,cat_adult_mer75,Взрослая кошка — MER 75,adult,75 kcal/kg BW^0.67,vitamin_d,vitamin,Витамины,Витамин D,Vitamin D,IU,83.3,,,True,,III-4b,19,https://europeanpetfood.org/wp-content/uploads/2025/09/FEDIAF-Nutritional-Guidelines_2025-ONLINE.pdf,
cat,Кошка,cat_adult_mer100,Взрослая кошка — MER 100,adult,100 kcal/kg BW^0.67,vitamin_d,vitamin,Витамины,Витамин D,Vitamin D,IU,62.5,,,True,,III-4b,19,https://europeanpetfood.org/wp-content/uploads/2025/09/FEDIAF-Nutritional-Guidelines_2025-ONLINE.pdf,
cat,Кошка,cat_growth,Рост,growth,,vitamin_d,vitamin,Витамины,Витамин D,Vitamin D,IU,70.0,,,True,,III-4b,19,https://europeanpetfood.org/wp-content/uploads/2025/09/FEDIAF-Nutritional-Guidelines_2025-ONLINE.pdf,В исходной таблице рост и репродукция объединены; значение одинаковое.
cat,Кошка,cat_reproduction,Репродукция,reproduction,,vitamin_d,vitamin,Витамины,Витамин D,Vitamin D,IU,70.0,,,True,,III-4b,19,https://europeanpetfood.org/wp-content/uploads/2025/09/FEDIAF-Nutritional-Guidelines_2025-ONLINE.pdf,В исходной таблице рост и репродукция объединены; значение одинаковое.
cat,Кошка,cat_adult_mer75,Взрослая кошка — MER 75,adult,75 kcal/kg BW^0.67,vitamin_e,vitamin,Витамины,Витамин E,Vitamin E,IU,12.7,,,True,,III-4b,19,https://europeanpetfood.org/wp-content/uploads/2025/09/FEDIAF-Nutritional-Guidelines_2025-ONLINE.pdf,
cat,Кошка,cat_adult_mer100,Взрослая кошка — MER 100,adult,100 kcal/kg BW^0.67,vitamin_e,vitamin,Витамины,Витамин E,Vitamin E,IU,9.5,,,True,,III-4b,19,https://europeanpetfood.org/wp-content/uploads/2025/09/FEDIAF-Nutritional-Guidelines_2025-ONLINE.pdf,
cat,Кошка,cat_growth,Рост,growth,,vitamin_e,vitamin,Витамины,Витамин E,Vitamin E,IU,9.5,,,True,,III-4b,19,https://europeanpetfood.org/wp-content/uploads/2025/09/FEDIAF-Nutritional-Guidelines_2025-ONLINE.pdf,В исходной таблице рост и репродукция объединены; значение одинаковое.
cat,Кошка,cat_reproduction,Репродукция,reproduction,,vitamin_e,vitamin,Витамины,Витамин E,Vitamin E,IU,9.5,,,True,,III-4b,19,https://europeanpetfood.org/wp-content/uploads/2025/09/FEDIAF-Nutritional-Guidelines_2025-ONLINE.pdf,В исходной таблице рост и репродукция объединены; значение одинаковое.
cat,Кошка,cat_adult_mer75,Взрослая кошка — MER 75,adult,75 kcal/kg BW^0.67,vitamin_b1,vitamin,Витамины,Витамин B1 (тиамин),Vitamin B1 (Thiamine),mg,1.47,,,True,,III-4b,19,https://europeanpetfood.org/wp-content/uploads/2025/09/FEDIAF-Nutritional-Guidelines_2025-ONLINE.pdf,
cat,Кошка,cat_adult_mer100,Взрослая кошка — MER 100,adult,100 kcal/kg BW^0.67,vitamin_b1,vitamin,Витамины,Витамин B1 (тиамин),Vitamin B1 (Thiamine),mg,1.1,,,True,,III-4b,19,https://europeanpetfood.org/wp-content/uploads/2025/09/FEDIAF-Nutritional-Guidelines_2025-ONLINE.pdf,
cat,Кошка,cat_growth,Рост,growth,,vitamin_b1,vitamin,Витамины,Витамин B1 (тиамин),Vitamin B1 (Thiamine),mg,1.4,,,True,,III-4b,19,https://europeanpetfood.org/wp-content/uploads/2025/09/FEDIAF-Nutritional-Guidelines_2025-ONLINE.pdf,В исходной таблице рост и репродукция объединены; значение одинаковое.
cat,Кошка,cat_reproduction,Репродукция,reproduction,,vitamin_b1,vitamin,Витамины,Витамин B1 (тиамин),Vitamin B1 (Thiamine),mg,1.4,,,True,,III-4b,19,https://europeanpetfood.org/wp-content/uploads/2025/09/FEDIAF-Nutritional-Guidelines_2025-ONLINE.pdf,В исходной таблице рост и репродукция объединены; значение одинаковое.
cat,Кошка,cat_adult_mer75,Взрослая кошка — MER 75,adult,75 kcal/kg BW^0.67,vitamin_b2,vitamin,Витамины,Витамин B2 (рибофлавин),Vitamin B2 (Riboflavin),mg,1.05,,,True,,III-4b,19,https://europeanpetfood.org/wp-content/uploads/2025/09/FEDIAF-Nutritional-Guidelines_2025-ONLINE.pdf,
cat,Кошка,cat_adult_mer100,Взрослая кошка — MER 100,adult,100 kcal/kg BW^0.67,vitamin_b2,vitamin,Витамины,Витамин B2 (рибофлавин),Vitamin B2 (Riboflavin),mg,0.8,,,True,,III-4b,19,https://europeanpetfood.org/wp-content/uploads/2025/09/FEDIAF-Nutritional-Guidelines_2025-ONLINE.pdf,
cat,Кошка,cat_growth,Рост,growth,,vitamin_b2,vitamin,Витамины,Витамин B2 (рибофлавин),Vitamin B2 (Riboflavin),mg,0.8,,,True,,III-4b,19,https://europeanpetfood.org/wp-content/uploads/2025/09/FEDIAF-Nutritional-Guidelines_2025-ONLINE.pdf,В исходной таблице рост и репродукция объединены; значение одинаковое.
cat,Кошка,cat_reproduction,Репродукция,reproduction,,vitamin_b2,vitamin,Витамины,Витамин B2 (рибофлавин),Vitamin B2 (Riboflavin),mg,0.8,,,True,,III-4b,19,https://europeanpetfood.org/wp-content/uploads/2025/09/FEDIAF-Nutritional-Guidelines_2025-ONLINE.pdf,В исходной таблице рост и репродукция объединены; значение одинаковое.
cat,Кошка,cat_adult_mer75,Взрослая кошка — MER 75,adult,75 kcal/kg BW^0.67,vitamin_b5,vitamin,Витамины,Витамин B5 (пантотеновая кислота),Vitamin B5 (Pantothenic acid),mg,1.92,,,True,,III-4b,19,https://europeanpetfood.org/wp-content/uploads/2025/09/FEDIAF-Nutritional-Guidelines_2025-ONLINE.pdf,
cat,Кошка,cat_adult_mer100,Взрослая кошка — MER 100,adult,100 kcal/kg BW^0.67,vitamin_b5,vitamin,Витамины,Витамин B5 (пантотеновая кислота),Vitamin B5 (Pantothenic acid),mg,1.44,,,True,,III-4b,19,https://europeanpetfood.org/wp-content/uploads/2025/09/FEDIAF-Nutritional-Guidelines_2025-ONLINE.pdf,
cat,Кошка,cat_growth,Рост,growth,,vitamin_b5,vitamin,Витамины,Витамин B5 (пантотеновая кислота),Vitamin B5 (Pantothenic acid),mg,1.43,,,True,,III-4b,19,https://europeanpetfood.org/wp-content/uploads/2025/09/FEDIAF-Nutritional-Guidelines_2025-ONLINE.pdf,В исходной таблице рост и репродукция объединены; значение одинаковое.
cat,Кошка,cat_reproduction,Репродукция,reproduction,,vitamin_b5,vitamin,Витамины,Витамин B5 (пантотеновая кислота),Vitamin B5 (Pantothenic acid),mg,1.43,,,True,,III-4b,19,https://europeanpetfood.org/wp-content/uploads/2025/09/FEDIAF-Nutritional-Guidelines_2025-ONLINE.pdf,В исходной таблице рост и репродукция объединены; значение одинаковое.
cat,Кошка,cat_adult_mer75,Взрослая кошка — MER 75,adult,75 kcal/kg BW^0.67,vitamin_b6,vitamin,Витамины,Витамин B6 (пиридоксин),Vitamin B6 (Pyridoxine),mg,0.83,,,True,,III-4b,19,https://europeanpetfood.org/wp-content/uploads/2025/09/FEDIAF-Nutritional-Guidelines_2025-ONLINE.pdf,
cat,Кошка,cat_adult_mer100,Взрослая кошка — MER 100,adult,100 kcal/kg BW^0.67,vitamin_b6,vitamin,Витамины,Витамин B6 (пиридоксин),Vitamin B6 (Pyridoxine),mg,0.63,,,True,,III-4b,19,https://europeanpetfood.org/wp-content/uploads/2025/09/FEDIAF-Nutritional-Guidelines_2025-ONLINE.pdf,
cat,Кошка,cat_growth,Рост,growth,,vitamin_b6,vitamin,Витамины,Витамин B6 (пиридоксин),Vitamin B6 (Pyridoxine),mg,0.63,,,True,,III-4b,19,https://europeanpetfood.org/wp-content/uploads/2025/09/FEDIAF-Nutritional-Guidelines_2025-ONLINE.pdf,В исходной таблице рост и репродукция объединены; значение одинаковое.
cat,Кошка,cat_reproduction,Репродукция,reproduction,,vitamin_b6,vitamin,Витамины,Витамин B6 (пиридоксин),Vitamin B6 (Pyridoxine),mg,0.63,,,True,,III-4b,19,https://europeanpetfood.org/wp-content/uploads/2025/09/FEDIAF-Nutritional-Guidelines_2025-ONLINE.pdf,В исходной таблице рост и репродукция объединены; значение одинаковое.
cat,Кошка,cat_adult_mer75,Взрослая кошка — MER 75,adult,75 kcal/kg BW^0.67,vitamin_b12,vitamin,Витамины,Витамин B12 (цианокобаламин),Vitamin B12 (Cyanocobalamin),µg,5.87,,,True,,III-4b,19,https://europeanpetfood.org/wp-content/uploads/2025/09/FEDIAF-Nutritional-Guidelines_2025-ONLINE.pdf,
cat,Кошка,cat_adult_mer100,Взрослая кошка — MER 100,adult,100 kcal/kg BW^0.67,vitamin_b12,vitamin,Витамины,Витамин B12 (цианокобаламин),Vitamin B12 (Cyanocobalamin),µg,4.4,,,True,,III-4b,19,https://europeanpetfood.org/wp-content/uploads/2025/09/FEDIAF-Nutritional-Guidelines_2025-ONLINE.pdf,
cat,Кошка,cat_growth,Рост,growth,,vitamin_b12,vitamin,Витамины,Витамин B12 (цианокобаламин),Vitamin B12 (Cyanocobalamin),µg,4.5,,,True,,III-4b,19,https://europeanpetfood.org/wp-content/uploads/2025/09/FEDIAF-Nutritional-Guidelines_2025-ONLINE.pdf,В исходной таблице рост и репродукция объединены; значение одинаковое.
cat,Кошка,cat_reproduction,Репродукция,reproduction,,vitamin_b12,vitamin,Витамины,Витамин B12 (цианокобаламин),Vitamin B12 (Cyanocobalamin),µg,4.5,,,True,,III-4b,19,https://europeanpetfood.org/wp-content/uploads/2025/09/FEDIAF-Nutritional-Guidelines_2025-ONLINE.pdf,В исходной таблице рост и репродукция объединены; значение одинаковое.
cat,Кошка,cat_adult_mer75,Взрослая кошка — MER 75,adult,75 kcal/kg BW^0.67,vitamin_b3,vitamin,Витамины,Витамин B3 (ниацин),Vitamin B3 (Niacin),mg,10.5,,,True,,III-4b,19,https://europeanpetfood.org/wp-content/uploads/2025/09/FEDIAF-Nutritional-Guidelines_2025-ONLINE.pdf,
cat,Кошка,cat_adult_mer100,Взрослая кошка — MER 100,adult,100 kcal/kg BW^0.67,vitamin_b3,vitamin,Витамины,Витамин B3 (ниацин),Vitamin B3 (Niacin),mg,8.0,,,True,,III-4b,19,https://europeanpetfood.org/wp-content/uploads/2025/09/FEDIAF-Nutritional-Guidelines_2025-ONLINE.pdf,
cat,Кошка,cat_growth,Рост,growth,,vitamin_b3,vitamin,Витамины,Витамин B3 (ниацин),Vitamin B3 (Niacin),mg,8.0,,,True,,III-4b,19,https://europeanpetfood.org/wp-content/uploads/2025/09/FEDIAF-Nutritional-Guidelines_2025-ONLINE.pdf,В исходной таблице рост и репродукция объединены; значение одинаковое.
cat,Кошка,cat_reproduction,Репродукция,reproduction,,vitamin_b3,vitamin,Витамины,Витамин B3 (ниацин),Vitamin B3 (Niacin),mg,8.0,,,True,,III-4b,19,https://europeanpetfood.org/wp-content/uploads/2025/09/FEDIAF-Nutritional-Guidelines_2025-ONLINE.pdf,В исходной таблице рост и репродукция объединены; значение одинаковое.
cat,Кошка,cat_adult_mer75,Взрослая кошка — MER 75,adult,75 kcal/kg BW^0.67,vitamin_b9,vitamin,Витамины,Витамин B9 (фолиевая кислота),Vitamin B9 (Folic acid),µg,253.0,,,True,,III-4b,19,https://europeanpetfood.org/wp-content/uploads/2025/09/FEDIAF-Nutritional-Guidelines_2025-ONLINE.pdf,
cat,Кошка,cat_adult_mer100,Взрослая кошка — MER 100,adult,100 kcal/kg BW^0.67,vitamin_b9,vitamin,Витамины,Витамин B9 (фолиевая кислота),Vitamin B9 (Folic acid),µg,188.0,,,True,,III-4b,19,https://europeanpetfood.org/wp-content/uploads/2025/09/FEDIAF-Nutritional-Guidelines_2025-ONLINE.pdf,
cat,Кошка,cat_growth,Рост,growth,,vitamin_b9,vitamin,Витамины,Витамин B9 (фолиевая кислота),Vitamin B9 (Folic acid),µg,188.0,,,True,,III-4b,19,https://europeanpetfood.org/wp-content/uploads/2025/09/FEDIAF-Nutritional-Guidelines_2025-ONLINE.pdf,В исходной таблице рост и репродукция объединены; значение одинаковое.
cat,Кошка,cat_reproduction,Репродукция,reproduction,,vitamin_b9,vitamin,Витамины,Витамин B9 (фолиевая кислота),Vitamin B9 (Folic acid),µg,188.0,,,True,,III-4b,19,https://europeanpetfood.org/wp-content/uploads/2025/09/FEDIAF-Nutritional-Guidelines_2025-ONLINE.pdf,В исходной таблице рост и репродукция объединены; значение одинаковое.
cat,Кошка,cat_adult_mer75,Взрослая кошка — MER 75,adult,75 kcal/kg BW^0.67,vitamin_b7,vitamin,Витамины,Витамин B7 (биотин),Vitamin B7 (Biotin),µg,20.0,,,True,,III-4b,19,https://europeanpetfood.org/wp-content/uploads/2025/09/FEDIAF-Nutritional-Guidelines_2025-ONLINE.pdf,
cat,Кошка,cat_adult_mer100,Взрослая кошка — MER 100,adult,100 kcal/kg BW^0.67,vitamin_b7,vitamin,Витамины,Витамин B7 (биотин),Vitamin B7 (Biotin),µg,15.0,,,True,,III-4b,19,https://europeanpetfood.org/wp-content/uploads/2025/09/FEDIAF-Nutritional-Guidelines_2025-ONLINE.pdf,
cat,Кошка,cat_growth,Рост,growth,,vitamin_b7,vitamin,Витамины,Витамин B7 (биотин),Vitamin B7 (Biotin),µg,17.5,,,True,,III-4b,19,https://europeanpetfood.org/wp-content/uploads/2025/09/FEDIAF-Nutritional-Guidelines_2025-ONLINE.pdf,В исходной таблице рост и репродукция объединены; значение одинаковое.
cat,Кошка,cat_reproduction,Репродукция,reproduction,,vitamin_b7,vitamin,Витамины,Витамин B7 (биотин),Vitamin B7 (Biotin),µg,17.5,,,True,,III-4b,19,https://europeanpetfood.org/wp-content/uploads/2025/09/FEDIAF-Nutritional-Guidelines_2025-ONLINE.pdf,В исходной таблице рост и репродукция объединены; значение одинаковое.
cat,Кошка,cat_adult_mer75,Взрослая кошка — MER 75,adult,75 kcal/kg BW^0.67,choline,vitamin_like,Витаминоподобные вещества,Холин,Choline,mg,800.0,,,True,,III-4b,19,https://europeanpetfood.org/wp-content/uploads/2025/09/FEDIAF-Nutritional-Guidelines_2025-ONLINE.pdf,
cat,Кошка,cat_adult_mer100,Взрослая кошка — MER 100,adult,100 kcal/kg BW^0.67,choline,vitamin_like,Витаминоподобные вещества,Холин,Choline,mg,600.0,,,True,,III-4b,19,https://europeanpetfood.org/wp-content/uploads/2025/09/FEDIAF-Nutritional-Guidelines_2025-ONLINE.pdf,
cat,Кошка,cat_growth,Рост,growth,,choline,vitamin_like,Витаминоподобные вещества,Холин,Choline,mg,600.0,,,True,,III-4b,19,https://europeanpetfood.org/wp-content/uploads/2025/09/FEDIAF-Nutritional-Guidelines_2025-ONLINE.pdf,В исходной таблице рост и репродукция объединены; значение одинаковое.
cat,Кошка,cat_reproduction,Репродукция,reproduction,,choline,vitamin_like,Витаминоподобные вещества,Холин,Choline,mg,600.0,,,True,,III-4b,19,https://europeanpetfood.org/wp-content/uploads/2025/09/FEDIAF-Nutritional-Guidelines_2025-ONLINE.pdf,В исходной таблице рост и репродукция объединены; значение одинаковое.
cat,Кошка,cat_adult_mer75,Взрослая кошка — MER 75,adult,75 kcal/kg BW^0.67,vitamin_k,vitamin,Витамины,Витамин K,Vitamin K,µg,,,,False,,III-4b,19,https://europeanpetfood.org/wp-content/uploads/2025/09/FEDIAF-Nutritional-Guidelines_2025-ONLINE.pdf,
cat,Кошка,cat_adult_mer100,Взрослая кошка — MER 100,adult,100 kcal/kg BW^0.67,vitamin_k,vitamin,Витамины,Витамин K,Vitamin K,µg,,,,False,,III-4b,19,https://europeanpetfood.org/wp-content/uploads/2025/09/FEDIAF-Nutritional-Guidelines_2025-ONLINE.pdf,
cat,Кошка,cat_growth,Рост,growth,,vitamin_k,vitamin,Витамины,Витамин K,Vitamin K,µg,,,,False,,III-4b,19,https://europeanpetfood.org/wp-content/uploads/2025/09/FEDIAF-Nutritional-Guidelines_2025-ONLINE.pdf,В исходной таблице рост и репродукция объединены; значение одинаковое.
cat,Кошка,cat_reproduction,Репродукция,reproduction,,vitamin_k,vitamin,Витамины,Витамин K,Vitamin K,µg,,,,False,,III-4b,19,https://europeanpetfood.org/wp-content/uploads/2025/09/FEDIAF-Nutritional-Guidelines_2025-ONLINE.pdf,В исходной таблице рост и репродукция объединены; значение одинаковое.
